GlobalID,OBJECTID,NAME,OWNERSHIP,LOCATION,REGION,LAT_DD,LONG_DD,CreationDate,Creator,EditDate,Editor,x,y
a73bca1f-ba34-4e6f-a967-99a7dc34f7bf,1,AKUTAN VILLAGE DOCK,Aleutians East Borough,Akutan,Southcoast,54.13313898,-165.77723887,9/26/2025 6:37:47 PM,AKDOT_GIS,9/26/2025 6:37:47 PM,AKDOT_GIS,-18454239.8473121,7195411.63419213
9d1390fc-7754-45a0-be5e-7e3a81a6175f,2,ANGOON FERRY TERMINAL,State of Alaska,Angoon,Southcoast,57.47268196,-134.56758535,9/26/2025 6:37:47 PM,AKDOT_GIS,9/26/2025 6:37:47 PM,AKDOT_GIS,-14979997.3114018,7857351.65580277
76fa3b50-85f4-4b11-a285-3ef793b548f8,3,ANNETTE BAY FERRY TERMINAL,State of Alaska,Annette Bay,Southcoast,55.26674076,-131.56007198,9/26/2025 6:37:47 PM,AKDOT_GIS,9/26/2025 6:37:47 PM,AKDOT_GIS,-14645202.30241,7413809.01958698
a81865da-0018-4f55-b1bb-9f9405d165b0,4,AUKE BAY EAST STERN BERTH,State of Alaska,Juneau - Auke Bay,Southcoast,58.3817302,-134.68405541,9/26/2025 6:37:47 PM,AKDOT_GIS,9/26/2025 6:37:47 PM,AKDOT_GIS,-14992962.7546787,8047939.17754654
eeb7b267-6855-4f49-9303-4a779aa38140,5,AUKE BAY FERRY TERMINAL - EAST,State of Alaska,Juneau - Auke Bay,Southcoast,58.38161248,-134.68499249,9/26/2025 6:37:47 PM,AKDOT_GIS,9/26/2025 6:37:47 PM,AKDOT_GIS,-14993067.0702077,8047914.18052088
e6129207-80af-4909-bea5-eaa6a3797200,6,AUKE BAY FERRY TERMINAL - WEST,State of Alaska,Juneau - Auke Bay,Southcoast,58.381632,-134.68824201,9/26/2025 6:37:47 PM,AKDOT_GIS,9/26/2025 6:37:47 PM,AKDOT_GIS,-14993428.8047667,8047918.32486659
c70e7a39-42c5-4c0d-b18c-0782bbabe043,7,CHENEGA DOCK,North Pacific Rim Housing Authority,Chenega,Central,60.06364168,-148.00805876,9/26/2025 6:37:47 PM,AKDOT_GIS,9/26/2025 6:37:47 PM,AKDOT_GIS,-16476184.2141686,8413921.10730992
db82e56f-2b08-4b51-aff6-8f5c4c71e125,8,CLARK BAY FERRY TERMINAL,State of Alaska / IFA,Clark Bay,Southcoast,55.49066623,-132.62231333,9/26/2025 6:37:47 PM,AKDOT_GIS,9/26/2025 6:37:47 PM,AKDOT_GIS,-14763450.4928245,7457683.61780029
ea075841-81ad-4d4a-b5fd-3f2854933d72,9,COFFMAN COVE FERRY TERMINAL,State of Alaska,Coffman Cove,Southcoast,56.01681967,-132.83465383,9/26/2025 6:37:47 PM,AKDOT_GIS,9/26/2025 6:37:47 PM,AKDOT_GIS,-14787088.1579627,7561765.59509458
926c9c6c-ca42-4d4c-a25e-df0d25eb77fa,10,COLD BAY DOCK,Aleutians East Borough,Cold Bay,Southcoast,55.20734191,-162.69591636,9/26/2025 6:37:47 PM,AKDOT_GIS,9/26/2025 6:37:47 PM,AKDOT_GIS,-18111228.6788633,7402211.42100189
4364891d-aa15-49a0-8744-1d2a74a8044a,11,CORDOVA FERRY TERMINAL,State of Alaska,Cordova,Northern,60.55730397,-145.75490002,9/26/2025 6:37:47 PM,AKDOT_GIS,9/26/2025 6:37:47 PM,AKDOT_GIS,-16225363.7638874,8524875.08387371
2b282e0e-aa43-4b34-97e1-6e2b5c06a7f7,12,FALSE PASS DOCK,Village of False Pass,False Pass,Southcoast,54.86255479,-163.41146235,9/26/2025 6:37:47 PM,AKDOT_GIS,9/26/2025 6:37:47 PM,AKDOT_GIS,-18190882.8701536,7335236.390121
85a716d2-a3fb-4f09-abc4-f6a6ccfa65a8,13,GUSTAVUS DOCK,State of Alaska,Gustavus,Southcoast,58.38951595,-135.7299051,9/26/2025 6:37:47 PM,AKDOT_GIS,9/26/2025 6:37:47 PM,AKDOT_GIS,-15109386.222308,8049592.53120988
02883de8-6bca-441f-948b-8beec4d50f7a,14,HAINES FERRY TERMINAL,State of Alaska,Haines,Southcoast,59.28158803,-135.46196714,9/26/2025 6:37:47 PM,AKDOT_GIS,9/26/2025 6:37:47 PM,AKDOT_GIS,-15079559.5581154,8241500.26245032
857fffb0-d4d4-48eb-8ef5-b7adcb292401,15,HOMER CITY DOCK,City of Homer,Homer,Central,59.60268878,-151.41040962,9/26/2025 6:37:47 PM,AKDOT_GIS,9/26/2025 6:37:47 PM,AKDOT_GIS,-16854932.1437545,8311807.55716493
2376b571-6557-4440-9810-588b0458cbdf,16,HOONAH FERRY TERMINAL,State of Alaska,Hoonah,Southcoast,58.11664665,-135.45756099,9/26/2025 6:37:47 PM,AKDOT_GIS,9/26/2025 6:37:47 PM,AKDOT_GIS,-15079068.9946477,7991862.22940238
29d76055-1aff-41cf-be92-9dbc4fd0bc53,17,KAKE FERRY TERMINAL,State of Alaska,Kake,Southcoast,56.96123652,-133.92096165,9/26/2025 6:37:47 PM,AKDOT_GIS,9/26/2025 6:37:47 PM,AKDOT_GIS,-14908015.4545807,7752200.75635866
186387dc-38d5-4405-b377-686d84e4fdec,18,KETCHIKAN MAIN FERRY TERMINAL,State of Alaska,Ketchikan,Southcoast,55.3538474,-131.69444291,9/26/2025 6:37:47 PM,AKDOT_GIS,9/26/2025 6:37:47 PM,AKDOT_GIS,-14660160.4109522,7430846.67340261
febd4a65-3882-4a70-9f06-559b9e7f345f,19,KODIAK CITY DOCK,City of Kodiak,Kodiak,Southcoast,57.78719009,-152.40253847,9/26/2025 6:37:47 PM,AKDOT_GIS,9/26/2025 6:37:47 PM,AKDOT_GIS,-16965375.3025948,7922745.36261924
0da3b802-ff1a-450b-b572-1258951fc21f,20,METLAKATLA FERRY TERMINAL,State of Alaska,Metlakatla,Southcoast,55.11781571,-131.54718304,9/26/2025 6:37:47 PM,AKDOT_GIS,9/26/2025 6:37:47 PM,AKDOT_GIS,-14643767.5048155,7384766.30306836
61d5049f-9412-46b9-887a-ac9edd4834b7,21,OLD HARBOR CITY DOCK,City of Old Harbor,Old Harbor,Southcoast,57.20104193,-153.30510159,9/26/2025 6:37:47 PM,AKDOT_GIS,9/26/2025 6:37:47 PM,AKDOT_GIS,-17065848.1332711,7801321.67824164
f954a4aa-8004-482f-9d84-a136ab169fb6,22,PELICAN FERRY TERMINAL,City of Pelican,Pelican,Southcoast,57.95766626,-136.22739945,9/26/2025 6:37:47 PM,AKDOT_GIS,9/26/2025 6:37:47 PM,AKDOT_GIS,-15164767.017922,7958430.61774271
8f967ebe-0635-4a24-b65e-85d8b522b68a,23,PETERSBURG FERRY TERMINAL,State of Alaska,Petersburg,Southcoast,56.80786084,-132.97542414,9/26/2025 6:37:47 PM,AKDOT_GIS,9/26/2025 6:37:47 PM,AKDOT_GIS,-14802758.6805695,7720948.97612446
ac6019db-707d-4620-b897-a2c990b59b4e,24,PETERSBURG S MITKOF TERMINAL,State of Alaska,Petersburg,Southcoast,56.53315427,-132.71219448,9/26/2025 6:37:47 PM,AKDOT_GIS,9/26/2025 6:37:47 PM,AKDOT_GIS,-14773456.0711812,7665292.96758446
b47411b9-038f-471d-aecc-5c73422c781b,25,PORT LIONS CITY DOCK,City of Port Lions,Port Lions,Southcoast,57.861288,-152.85905086,9/26/2025 6:37:47 PM,AKDOT_GIS,9/26/2025 6:37:47 PM,AKDOT_GIS,-17016194.0329954,7938235.04071178
31c774cc-dd9a-4b04-9b20-744a70cfa806,26,SAND POINT CITY DOCK,City of Sand Point,Sand Point,Southcoast,55.3318536,-160.50395895,9/26/2025 6:37:47 PM,AKDOT_GIS,9/26/2025 6:37:47 PM,AKDOT_GIS,-17867221.1238758,7426540.44202273
78d1ff56-d424-4848-8dbd-919e8e1ba9a2,27,SELDOVIA CITY DOCK,City of Seldovia,Seldovia,Central,59.44058311,-151.72066169,9/26/2025 6:37:47 PM,AKDOT_GIS,9/26/2025 6:37:47 PM,AKDOT_GIS,-16889469.2348007,8276229.66663133
50080b2d-e31e-4673-9eba-2a923a3f8b2e,28,SITKA FERRY TERMINAL,State of Alaska,Sitka,Southcoast,57.1292091,-135.38143894,9/26/2025 6:37:47 PM,AKDOT_GIS,9/26/2025 6:37:47 PM,AKDOT_GIS,-15070595.0681774,7786574.71173296
122ff0c7-6cef-431d-aae4-b7ff328d7fdd,29,SKAGWAY FERRY TERMINAL,State of Alaska,Skagway,Southcoast,59.4491931,-135.32478635,9/26/2025 6:37:47 PM,AKDOT_GIS,9/26/2025 6:37:47 PM,AKDOT_GIS,-15064288.6725971,8278115.60485621
b3859011-d44f-4faf-bf09-68a6e0e44a58,30,TATITLEK DOCK,North Pacific Rim Housing Authority,Tatitlek,Northern,60.86003619,-146.67644892,9/26/2025 6:37:47 PM,AKDOT_GIS,9/26/2025 6:37:47 PM,AKDOT_GIS,-16327950.1424379,8593756.50480153
dd6a6de8-6b37-466b-b13b-5be2feef98a8,31,TENAKEE CITY DOCK,State of Alaska,Tenakee,Southcoast,57.77920465,-135.21949132,9/26/2025 6:37:47 PM,AKDOT_GIS,9/26/2025 6:37:47 PM,AKDOT_GIS,-15052567.1773028,7921078.50396127
8984701e-a787-4630-b669-01a3370b3581,32,UNALASKA CITY DOCK,City of Unalaska,Unalaska,Southcoast,53.90298442,-166.52769965,9/26/2025 6:37:47 PM,AKDOT_GIS,9/26/2025 6:37:47 PM,AKDOT_GIS,-18537780.7391346,7151804.03787397
19eecdcc-01bc-451c-9ca4-6813836916e1,33,VALDEZ FERRY TERMINAL,State of Alaska,Valdez,Northern,61.12402336,-146.36568828,9/26/2025 6:37:47 PM,AKDOT_GIS,9/26/2025 6:37:47 PM,AKDOT_GIS,-16293356.4464041,8654357.0881089
044e997d-9c7b-45d8-9563-c702821fcdc9,34,WHITTIER FERRY TERMINAL,State of Alaska,Whittier,Central,60.77641616,-148.68359014,9/26/2025 6:37:47 PM,AKDOT_GIS,9/26/2025 6:37:47 PM,AKDOT_GIS,-16551384.0763391,8574665.18960149
dd56c2e6-1258-4584-b350-d97e1958b1af,35,WRANGELL FERRY TERMINAL,State of Alaska,Wrangell,Southcoast,56.47440432,-132.39126086,9/26/2025 6:37:47 PM,AKDOT_GIS,9/26/2025 6:37:47 PM,AKDOT_GIS,-14737729.8970305,7653442.58696304
1ccf8b5f-5a9e-4d98-af9a-0f8d7d5001c0,36,YAKUTAT CITY DOCK,City of Yakutat,Yakutat,Southcoast,59.54857265,-139.73337554,9/26/2025 6:37:47 PM,AKDOT_GIS,9/26/2025 6:37:47 PM,AKDOT_GIS,-15555050.6236283,8299911.88414426
33483d22-1d2a-44fa-aec7-63c1d78633ca,37,OUZINKIE CITY DOCK,City of Ouzinkie,Ouzinkie,Southcoast,57.92125271,-152.50016629,9/26/2025 6:37:47 PM,AKDOT_GIS,9/26/2025 6:37:47 PM,AKDOT_GIS,-16976243.1904401,7950793.65220754
ff70b9f1-7217-48f9-a01a-7eb54cd6bfb8,38,CHIGNIK DRAGNET DOCK,Trident Seafoods,Chignik,Southcoast,56.29602046,-158.39886325,9/26/2025 6:37:47 PM,AKDOT_GIS,9/26/2025 6:37:47 PM,AKDOT_GIS,-17632883.0081505,7617572.21012559
0080db9b-1ef5-4505-81d0-0cfa6cbf97db,39,KING COVE CITY DOCK,Aleutians East Borough,King Cove,Southcoast,55.055762,-162.323,9/26/2025 6:37:47 PM,AKDOT_GIS,9/26/2025 6:37:47 PM,AKDOT_GIS,-18069715.8162884,7372695.96002829
