addr:street,amenity,building,healthcare,name,opening_hours,lon,lat,addr:city,website,addr:country,addr:province,building:levels,healthcare:speciality,historic,owner,source,wikidata,alt_name,shop,contact:phone,contact:website,postal_code,healthcare:for,description,gnis:feature_id,image,note,operator,operator:type,source:date,source_ref,brand,brand:wikidata,ele,height,name:tli,dispensing,operator:wikidata,operator:wikipedia,addr:unit,amenity_1,healthcare:counselling,wikipedia,office,health_facility_type,health_person:type,old_name,fax,contact:facebook,contact:instagram,email,start_date,payment:cash,payment:credit_cards,payment:debit_cards,landuse,addr:housename,wheelchair,addr:full,level,urgent_care,name:en,health_facility,drive_through,payment:apple_pay,contact:twitter,not:brand:wikidata,check_date:opening_hours,payment:american_express,payment:cheque,payment:discover_card,payment:mastercard,payment:visa,brand:website,short_name,branch,facebook,check_date,fixme,operator:short
Noble Street,clinic,yes,clinic,Tanana Valley Clinc,Mo-Fr 08:00-17:00,-147.7134107,64.8391017,,,,,,,,,,,,,,,,,,,,,,,,,,,,,,,,,,,,,,,,,,,,,,,,,,,,,,,,,,,,,,,,,,,,,,,,,
Meals Avenue,hospital,yes,hospital,Providence Valdez Medical Center,,-146.3466371,61.1365444,Valdez,https://alaska.providence.org/locations/p/pvmc,,,,,,,,,,,,,,,,,,,,,,,,,,,,,,,,,,,,,,,,,,,,,,,,,,,,,,,,,,,,,,,,,,,,,,,
,doctors,yes,doctor,Bartlett Regional Hospital,,-134.4651892,58.3288757,,,,,,,,,,,,,,,,,,,,,,,,,,,,,,,,,,,,,,,,,,,,,,,,,,,,,,,,,,,,,,,,,,,,,,,,,
West Pioneer Avenue,clinic,yes,clinic,Clinic of Chiropractic Health,,-151.5456646,59.644649,Homer,,US,Kenai Peninsula Borough,1,chiropractic,Homer Public Library,James E. Heston,,,,,,,,,,,,,,,,,,,,,,,,,,,,,,,,,,,,,,,,,,,,,,,,,,,,,,,,,,,,,,,,,
,clinic,yes,clinic,,,-165.5789054,61.842427,,,,,,,,,survey,,,,,,,,,,,,,,,,,,,,,,,,,,,,,,,,,,,,,,,,,,,,,,,,,,,,,,,,,,,,,,,,
,clinic,yes,clinic,Hooper Bay Sub Regional Clinic,,-166.1125454,61.5269859,,,,,,,,,,,,,,,,,,,,,,,,,,,,,,,,,,,,,,,,,,,,,,,,,,,,,,,,,,,,,,,,,,,,,,,,,
,clinic,yes,clinic,Medical Dental Arts Building,,-147.7432824,64.8300325,,,,,,,,,Bing,,,,,,,,,,,,,,,,,,,,,,,,,,,,,,,,,,,,,,,,,,,,,,,,,,,,,,,,,,,,,,,,
,clinic,yes,clinic,Fairbanks Imaging Center,,-147.7390011,64.8299353,,,,,,,,,Bing,,,,,,,,,,,,,,,,,,,,,,,,,,,,,,,,,,,,,,,,,,,,,,,,,,,,,,,,,,,,,,,,
Cowles Street,hospital,hospital,hospital,Fairbanks Memorial Hospital,,-147.7405837,64.8317381,Fairbanks,http://www.fmhdc.com/,,,,,,,Bing,Q50036850,,,,,,,,,,,,,,,,,,,,,,,,,,,,,,,,,,,,,,,,,,,,,,,,,,,,,,,,,,,,,,,
East End Road,doctors,yes,,Seldovia Village Tribe Health Center,,-151.5222133,59.650357,Homer,,,,,,,,Bing,,SVT Health Center,,,,,,,,,,,,,,,,,,,,,,,,,,,,,,,,,,,,,,,,,,,,,,,,,,,,,,,,,,,,,,
,doctors,yes,doctor,Lamendola Sitenga Clinic,,-151.5079374,59.6535986,,,,,,,,,survey,,,optician,,,,,,,,,,,,,,,,,,,,,,,,,,,,,,,,,,,,,,,,,,,,,,,,,,,,,,,,,,,,,
Pennock Street,clinic,office,physiotherapist,Homer Physical Therapy,Mo-Fr 09:00-18:00,-151.518943,59.6499611,Homer,,,,,physiatry,,,,,,,+1 907-235-3410,homerphysicaltherapy.com,99603,,,,,,,,,,,,,,,,,,,,,,,,,,,,,,,,,,,,,,,,,,,,,,,,,,,,,,,,,,
,doctors,yes,centre,Homer Medical Center,"Mo-Fr 08:30-17:00, Sa 10:00-17:00",-151.5495249,59.6499858,,https://www.homermedical.org/index.htm,,,,,,,Bing,,,,,,,,,,,,,,,,,,,,,,,,,,,,,,,,,,,,,,,,,,,,,,,,,,,,,,,,,,,,,,,,
Main Street,clinic,office,clinic,Women Infants Children (WIC),,-151.5438807,59.6401717,Homer,,US,Kenai Peninsula Borough,,paediatrics,,,Bing,,,,,,,child;women,,,,,,,,,,,,,,,,,,,,,,,,,,,,,,,,,,,,,,,,,,,,,,,,,,,,,,,,,
,clinic,yes,clinic,Adak Hospital & Clinic,,-176.6383368,51.873266,,,,,2,,,,Bing,,,,,,,,,,,,,,,,,,,,,,,,,,,,,,,,,,,,,,,,,,,,,,,,,,,,,,,,,,,,,,,,
,doctors,yes,,Kachemak Professional Building,,-151.550774,59.6510325,,,,,,,,,Bing,,,,,,,,,,,,,,,,,,,,,,,,,,,,,,,,,,,,,,,,,,,,,,,,,,,,,,,,,,,,,,,,
,clinic,yes,,Clinic,,-156.8814541,66.9074238,,,,,,,,,DCRA,,,,,,,,,,,,,,,,,,,,,,,,,,,,,,,,,,,,,,,,,,,,,,,,,,,,,,,,,,,,,,,,
,clinic,yes,clinic,Rockmore King Clinic,,-152.5032262,57.7414468,,https://www.dcms.uscg.mil/Our-Organization/Director-of-Operational-Logistics-DOL/Bases/Base-Kodiak/Departments-Staffs/Rockmore-King-Clinic/,,,,,,,https://www.facebook.com/uscoastguardbasekodiak/photos/a.653414968054654/1724877354241738/?type=3&theater,,N46,,,,,,"Named in memoriam for a USPHS Flight Surgeon, CDR David M. Rockmore and HS3 Ralph D. King, USCG who tragically perished with four other Coast Guardsmen on 02 November 1986, while respoding to an urgent MEDEVAC in the village of Akhiok.",2700646,https://www.facebook.com/uscoastguardbasekodiak/photos/a.653414968054654/1685694861493321/?type=3&theater,Not historically significant,U.S. Coast Guard,military,31-01-2018,https://catalog.archives.gov/id/75325308,,,,,,,,,,,,,,,,,,,,,,,,,,,,,,,,,,,,,,,,,,,,,,,,,
Nigliq Street,clinic,yes,clinic,North Slope Borough Village Health Clinic - Nuiqsut,,-151.0002937,70.2155013,Nuiqsut,http://www.north-slope.org/departments/health-social-services/community-health-services/community-health-aide-program-chap,,,,,,,,,,,,,,,,,,,North Slope Borough,,,,,,,,,,,,,,,,,,,,,,,,,,,,,,,,,,,,,,,,,,,,,,,,,,,,
,clinic,yes,,Shungnak Clinic,,-157.1389395,66.8879649,,,,,,,,,DCRA,,,,,,,,,,,,,,,,,,,,,,,,,,,,,,,,,,,,,,,,,,,,,,,,,,,,,,,,,,,,,,,,
,clinic,yes,,Health Clinic,,-157.8564524,67.0869612,,,,,,,,,DCRA,,,,,,,,,,,,,,,,,,,,,,,,,,,,,,,,,,,,,,,,,,,,,,,,,,,,,,,,,,,,,,,,
,clinic,public,clinic,Noorvik Clinic,,-161.0422165,66.8352372,,,,,,,,,DCRA,,,,,,,,,,,,,,,,,,,,,,,,,,,,,,,,,,,,,,,,,,,,,,,,,,,,,,,,,,,,,,,,
,clinic,public,clinic,New Noorvik Clinic,,-161.0465588,66.8299791,,,,,,,,,DCRA,,,,,,,,,,,,,,,,,,,,,,,,,,,,,,,,,,,,,,,,,,,,,,,,,,,,,,,,,,,,,,,,
,clinic,yes,clinic,USFS/ Public Health Clinic,,-139.7293242,59.5450094,,,,,,,,,DCRA,,,,,,,,,,,,,,,,,,,,,,,,,,,,,,,,,,,,,,,,,,,,,,,,,,,,,,,,,,,,,,,,
Red Cove Road,clinic,yes,clinic,Sand Point Clinic,,-160.4859176,55.3475459,Sand Point,,,,,,,,,,,,,,,,,,,,,,,,,,,,,,,,,,,,,,,,,,,,,,,,,,,,,,,,,,,,,,,,,,,,,,,,
,pharmacy,yes,pharmacy,Walgreens,,-151.0561705,60.4856244,,,,,,,,,Bing,,,,,,,,,,,,,,,,Walgreens,Q1591889,,,,,,,,,,,,,,,,,,,,,,,,,,,,,,,,,,,,,,,,,,,,,,,
Tongass Drive,hospital,hospital,hospital,Mt. Edgecumbe Hospital,,-135.355111,57.0516902,Sitka,https://searhc.org/service/mt-edgecumbe-hospital-saxt-hit/,,,,,,,,,,,,,,,,,,,SouthEast Alaska Regional Health Consortium,,,,,,18,9.2,S’áxt’ Hít,,,,,,,,,,,,,,,,,,,,,,,,,,,,,,,,,,,,,,,,,,,,
,pharmacy,retail,pharmacy,Walgreens,,-149.4070744,61.577402,,,,,1,,,,EsriWorldImagery,,,,,,,,,,,,,,,,Walgreens,Q1591889,,,,yes,,,,,,,,,,,,,,,,,,,,,,,,,,,,,,,,,,,,,,,,,,,
Zapadni Road,clinic,yes,clinic,St. George Clinic,,-169.5483277,56.6012645,,,,,,,,,,,,,,,,,,,,,APIA,,,,,,,,,,,,,,,,,,,,,,,,,,,,,,,,,,,,,,,,,,,,,,,,,,,,
,clinic,yes,clinic,IRA Building,,-168.9521473,65.7573505,Diomede,,,,1,community,,,,,,,,,,,,,,,,,,,,,,,,,,,,,,,,,,,,,,,,,,,,,,,,,,,,,,,,,,,,,,,,,,,
,doctors,yes,doctor,Juneau Urgent Care,,-134.5728725,58.3619595,,,,,,,,,,,,,,,,,,,,,,,,,,,,,,,,,,,,,,,,,,,,,,,,,,,,,,,,,,,,,,,,,,,,,,,,,
East Road,doctors,yes,naturopath,Frontier Natural Health,,-151.5177589,59.6510244,Homer,,,,,,,,,,,,,,,,,,,,Dr. Patrick C. Huffman,,,,,,,,,,,,,,,,,,,,,,,,,,,,,,,,,,,,,,,,,,,,,,,,,,,,
West Evergreen Avenue,clinic,yes,clinic,Mat Su Urgent Care,,-149.1170021,61.6001123,Palmer,,,,,,,,esri/USA_NAD_Addresses,,,,,,,,,,,,,,,,,,,,,,,,,,,,,,,,,,,,,,,,,,,,,,,,,,,,,,,,,,,,,,,,
,hospital,hospital,hospital,Alaska Heart Institute,,-149.2561634,61.5629261,,,,,4,,,,,,,,,,,,,,,,,,,,,,,,,,,,,,,,,,,,,,,,,,,,,,,,,,,,,,,,,,,,,,,,,,,,
,hospital,hospital,hospital,Providence Health & Services Alaska,,-149.2518829,61.5596919,,,,,2,,,,,,Providence Matanuska Health Care,,,,,,,,,,Providence Health & Services,,,,,,,,,,Q7252430,en:Providence Health & Services,,,,,,,,,,,,,,,,,,,,,,,,,,,,,,,,,,,,,,,,,
,clinic,yes,clinic,Imaging Associates of Providence,,-149.2533469,61.5598808,,,,,1,,,,,,,,,,,,,,,,,,,,,,,,,,,,,,,,,,,,,,,,,,,,,,,,,,,,,,,,,,,,,,,,,,,,
South Woodworth Loop,hospital,,hospital,Mat-Su Regional Medical Center,,-149.2579536,61.5627757,Palmer,https://www.matsuregional.com/,,,,,,,,Q6785802,,,,,,,,,,,,,,,,,,,,,,,,,,,,,,,,,,,,,,,,,,,,,,,,,,,,,,,,,,,,,,,
Sadler Way,clinic,yes,clinic,Steese Immediate Care,Mo-Fr 8:30-17:00; Sa 10:00-15:00,-147.6802765,64.8548351,Fairbanks,https://www.steeseimmediatecare.com/,,,,,,,,,,,-3748817,,,,,,,,,,,,,,,,,,,,101,,,,,,,,,,,,,,,,,,,,,,,,,,,,,,,,,,,,,,,,
West Cowles Street,clinic,yes,clinic,Chief Andrew Isaac Health Center,Mo-Fr 08:00-17:00,-147.7462342,64.8322528,Fairbanks,https://www.tananachiefs.org/services/health/chief-andrew-isaac-health-center/,,,,,,,,,,,,,,,,,,,,,,,,,,,,,,,,,,,,,,,,,,,,,,,,,,,,,,,,,,,,,,,,,,,,,,,
,doctors,yes,,Juneau Family Birth Center,,-134.4657685,58.3318565,,,,,,,,,,,,,,,,,,,,,,,,,,,,,,,,,,midwife,,,,,,,,,,,,,,,,,,,,,,,,,,,,,,,,,,,,,,,
,doctors,yes,,SEARHC,,-134.4671501,58.3312605,,,,,,,,,,,,,,,,,,,,,,,,,,,,,,,,,,,,,,,,,,,,,,,,,,,,,,,,,,,,,,,,,,,,,,,,,
,doctors,yes,doctor,SERHC,,-134.4692311,58.329731,,,,,,,,,,,,,,,,,,,,,,,,,,,,,,,,,,,,,,,,,,,,,,,,,,,,,,,,,,,,,,,,,,,,,,,,,
,clinic,yes,counselling,Planned Parenthood,,-134.4727866,58.3302742,,,,,,,,,,,,,,,,,,,,,Planned Parenthood,,,,,,,,,,Q2553262,,,,antenatal;sexual,,,,,,,,,,,,,,,,,,,,,,,,,,,,,,,,,,,,,,
Hospital Drive,hospital,,hospital,Bartlett Regional Hospital,,-134.4649065,58.3291017,Juneau,https://www.bartletthospital.org/,,,,,,,,Q20712149,,,,,,,,,,,,,,,,,,,,,,,,,,en:Bartlett Regional Hospital,,,,,,,,,,,,,,,,,,,,,,,,,,,,,,,,,,,,,
,doctors,office,doctor,"Dr. Rene Alvarez, General Surgeon",,-151.5435767,59.6497155,,,,,,,,,Bing;survey,,,,,,,,,,,,,,,,,,,,,,,,,,,,,,,,,,,,,,,,,,,,,,,,,,,,,,,,,,,,,,,,
,clinic,yes,clinic,Peninsula Allergy & Asthma Center,,-151.0704605,60.481965,,,,,,,,,Bing,,,,,,,,,,,,,,,,,,,,,,,,,,,,,,,,,,,,,,,,,,,,,,,,,,,,,,,,,,,,,,,,
,clinic,yes,clinic,,,-131.624342,55.3336297,,,,,,,,,,,,,,,,,,,https://www.facebook.com/USCoastGuardBaseKetchikan/photos/a.1321832891166130/2557122997637107/?type=3&theater,Street level imagery shows road sign at intersection of Stedman St. and Upper Coast Guard Base Access giving directions to this building. Name of Coast Guard Base Ketchikan website.,,,,,,,,,,,,,,,,,,,,,,,,,,,,,,,,,,,,,,,,,,,,,,,,,,,,,
,clinic,yes,clinic,SEARHC Health Clinic,,-133.9424599,56.9752378,,,,,,,,,,,,,,,,,,,,,,,,,,,,,,,,,,,,,,,,,,,,,,,,,,,,,,,,,,,,,,,,,,,,,,,,,
,pharmacy,yes,pharmacy,,,-131.6924384,55.3559949,,,,,,,,,,,,,,,,,,,,,,,,,,,,,,,,,,,,,,,,,,,,,,,,,,,,,,,,,,,,,,,,,,,,,,,,,
Greg Kruschek Avenue,hospital,,hospital,Norton Sound Regional Hospital,,-165.3783294,64.4989394,Nome,https://www.nortonsoundhealth.org/Locations/Norton-Sound-Regional-Hospital,,,,,,,,,,,,,,,,,,,,,,,,,,,,,,,,,,,,,,,,,,,,,,,,,,,,,,,,,,,,,,,,,,,,,,,
Providence Drive,hospital,,hospital,Providence Alaska Medical Center,24-Jul,-149.8200356,61.1871232,Anchorage,https://alaska.providence.org/locations/p/pamc,,,,,,,,Q7252388,,,,,,,,,,,,,,,,,,,,,,,,,,en:Providence Alaska Medical Center,,,,,,,,,,,,,,,,,,,,,,,,,,,,,,,,,,,,,
Debarr Road,hospital,,hospital,Alaska Regional Hospital,,-149.8307617,61.2102248,Anchorage,https://alaskaregional.com/,,,,,,,Bing,,,,,,,,,,,,,,,,,,,,,,,,,,,,,,,,,,,,,,,,,,,,,,,,,,,,,,,,,,,,,,,,
,doctors,yes,,,,-134.4674796,58.3298538,,,,,,,,,,,,,,,,,,,,,,,,,,,,,,,,,,,,,,,,,,,,,,,,,,,,,,,,,,,,,,,,,,,,,,,,,
,doctors,yes,,,,-134.4677896,58.3295366,,,,,,,,,,,,,,,,,,,,,,,,,,,,,,,,,,,,,,,,,,,,,,,,,,,,,,,,,,,,,,,,,,,,,,,,,
,clinic,yes,clinic,,,-134.4649914,58.3309747,,,,,,,,,,,,,,,,,,,,,,,,,,,,,,,,,,,,,,,,,,,,,,,,,,,,,,,,,,,,,,,,,,,,,,,,,
,clinic,yes,clinic,Atka Medical Clinic,,-174.1978573,52.2006793,,,,,,,,,,,,,,,,,,,,,,,,,,,,,,,,,,,,,,,,,,,,,,,,,,,,,,,,,,,,,,,,,,,,,,,,,
,clinic,yes,clinic,,,-149.3697476,61.5862972,,,,,,,,,,,,,,,,,,,,,,,,,,,,,,,,,,,,,,,,,,,,,,,,,,,,,,,,,,,,,,,,,,,,,,,,,
,clinic,yes,clinic,Cornerstone Health Alaska,,-149.8422303,61.1380119,,,,,,,,,,,,,,,,,,,,,,,,,,,,,,,,,,,,,,,,,,,,,,,,,,,,,,,,,,,,,,,,,,,,,,,,,
,clinic,yes,,Health Clinic,,-163.0122489,69.7410331,,,,,,,,,,,,,,,,,,,,,,,,,,,,,,,,,,,,,,,,,,,,,,,,,,,,,,,,,,,,,,,,,,,,,,,,,
Qalgi Avenue,clinic,yes,clinic,Point Hope Health Clinic,,-166.7363244,68.3482553,Point Hope,,,,,,,,,,,,,,,,,,,,,,,,,,,,,,,,,,,,,,,,,,,,,,,,,,,,,,,,,,,,,,,,,,,,,,,,
,hospital,yes,,,,-157.4239735,70.4817231,,,,,,,,,,,,,,,,,,,,,,,,,,,,,,,,,,,,,,,,,,,,,,,,,,,,,,,,,,,,,,,,,,,,,,,,,
,clinic,yes,clinic,,,-168.859824,52.9384958,,,,,,,,,,,,,,,,,,,,,,,,,,,,,,,,,,,,,,,,,,,,,,,,,,,,,,,,,,,,,,,,,,,,,,,,,
Uula Street,hospital,,hospital,Samuel Simmonds Memorial Hospital,24-Jul,-156.7296258,71.2973925,Utkiagvik,https://www.arcticslope.org/services/hospital-services/,,,,,,,,,,,,,,,,,,,Arctic Slope Native Association,,,,,,,,,,,,,,,,,,,,,,,,,,,,,,,,,,,,,,,,,,,,,,,,,,,,
North Fireweed Street,clinic,office,clinic,"Advanced Biomechanics, Inc.",,-151.080292,60.4918293,Soldotna,https://akbiomech.com/,,,,,,,personal_knowledge,,,,,,99669,,,,,,Eric O'Guinn,,,,,,,,,,,,,,,,yes,,,,,,,,,,,,,,,,,,,,,,,,,,,,,,,,,,,,
,clinic,yes,clinic,Homer Birth & Wellness Center,,-151.5420119,59.646851,,,,,,,,Sarah Robertson,geolocated photo;survey,,,,,,,,,,,,,,,,,,,,,,,,,,,,,clinic,midwife,,,,,,,,,,,,,,,,,,,,,,,,,,,,,,,,,,
Tongass Avenue,hospital,yes,hospital,Peace Health Ketchikan Medical Ceneter,,-131.6869084,55.3535059,Ketchikan,,,,,,,,Employee,,,,,,,,,,,,PeaceHealth,,,,,,,,,,Q16966652,en:PeaceHealth,,,,,,,,,,,,,,,,,,,,,,,,,,,,,,,,,,,,,,,,,
,clinic,yes,clinic,Anna Livingston Medical Clinic,,-162.718147,55.2010383,,,,,1,,,,,,,,,,,,,,,,Eastern Aleutian Tribes,,,,,,,,,,,,,,,,,,,,,,,,,,,,,,,,,,,,,,,,,,,,,,,,,,,,
,pharmacy,yes,pharmacy,Walgreens,,-149.7393349,61.2092421,,,,,,,,,,,,,,,,,,,,,,,,,Walgreens,Q1591889,,,,,,,,,,,,,,,,,,,,,,,,,,,,,,,,,,,,,,,,,,,,,,,
,hospital,hospital,hospital,North Star Behavorial Hospital,,-149.8335677,61.2078072,,,,,,,,,,,,,,,,,,,,,,,,,,,,,,,,,,,,,,,,,,,,,,,,,,,,,,,,,,,,,,,,,,,,,,,,,
Industry Way,doctors,,doctor,Primary Care Associates,"08:00-21:00; PH ""Call ahead""",-149.8625692,61.1091108,Anchorage,https://www.primarycareak.com/centers/south-anchorage.html,US,,,,,,,,,,,,,,,,,,,,,,,,,,,,,,,,,,,,,,,,,,,,,,,,,,,,,,,,,,,,,,,,,,,,,,
Bartlett Street,hospital,,hospital,South Peninsula Hospital,24-Jul,-151.5500971,59.6523767,Homer,https://www.sphosp.org/,,,,,,,,,,,,,,,,,,,,,,,,,,,,,,,,,,,,,,,,,,,,,,,,,,,,,,,,,,,,,,,,,,,,,,,
Chase Avenue,hospital,,hospital,Cordova Community Medical Center,24-Jul,-145.7512387,60.540944,Cordova,https://www.cdvcmc.com/,,,,,,,,,,,,,,,,,,,,,,,,,,,,,,,,,,,,,,,,,,,,,,,,,,,,,,,,,,,,,,,,,,,,,,,
,clinic,yes,clinic,Katherine Miksruaq Olanna Memorial Clinic,,-166.0700993,66.2548525,,,,,,,,,,,,,,,,,,,,,Norton Sound Health Corporation,,,,,,,,,,,,,,,,,,,,,,,,,,,,,,,,,,,,,,,,,,,,,,,,,,,,
1st Avenue,hospital,,hospital,Providence Seward Medical Center,24-Jul,-149.4462618,60.1052786,Seward,https://alaska.providence.org/locations/p/psmcc,,,,,,,,,,,,,,,,,,,Providence Health & Services,,,,,,,,,,Q7252430,en:Providence Health & Services,,,,,,,,,,,,,,,,,,,,,,,,,,,,,,,,,,,,,,,,,
Kanakanak Road,hospital,,hospital,Kanakanak Hospital,24-Jul,-158.5363291,59.0004725,Dillingham,http://www.bbahc.org/,,,,,,,,,,,,,,,,,,,Bristol Bay Area Health Corporation,,,,,,,,,,,,,,,,,,,Ans Hospital,,,,,,,,,,,,,,,,,,,,,,,,,,,,,,,,,
,clinic,yes,clinic,Akhiok Health Clinic,Mo-Fr 08:00-16:30,-154.1741991,56.9454303,,https://kodiakhealthcare.org/,,,,,,,,,,,,,,,,,,,Kodiak Area Native Association,,,,,,,,,,,,,,,,,,,,-3966,,,,,,,,,,,,,,,,,,,,,,,,,,,,,,,,
South Knik Goose Bay Road,clinic,yes,clinic,Mat-Su Urgent Care,,-149.6254235,61.5151873,Wasilla,,,,1,,,,,,,,,,,,,,,,,,,,,,,,,,,,,,,,,,,,,,,,,,,,,,,,,,,,,,,,,,,,,,,,,,,,
,hospital,,hospital,Joint Base Elmendorf-Richardson Hospital,,-149.7449722,61.2349473,,,,,,,,,,,,,,,,,,,,,,,,,,,,,,,,,,,,,,,,,,,,,,,,,,,,,,,,,,,,,,,,,,,,,,,,,
,hospital,,hospital,Alaska Native Medical Center Health Campus,,-149.8007464,61.1826756,,,,,,,,,,,,,+1 907-729-1729,,,,,,,,Alaska Native Medical Center,,,,,,,,,,,,,,,,,,,,,,,,,,,,,,,,,,,,,,,,,,,,,,,,,,,,
Remington Road,clinic,commercial,clinic,Family Medical Center,Mo-Th 08:00-17:00; Fr 08:00-12:00,-145.7309977,64.0553161,Delta Junction,https://www.fmcak.com/,,,2,,,,,,,,,,,,,,,,,,,,,,,,,,,,,,,,,,,,,pages/Family-Med-Center/181383371892667,,,,,,,,,,,,,,,,,,,,,,,,,,,,,,,
West Spruce Avenue,clinic,public,,Mat-Su Health Services Medical Clinic,"Mo-Fr 07:00-17:00, Sa-Su closed",-149.485685,61.6013735,Wasilla,https://www.mshsak.org/,,,,,,,EsriWorldImagery;esri_USDOT_MatanuskaSusitnaAK,,,,,,,,,,,,Mat-Su Health Services Inc.,,,,,,,,,,,,,,,,,,,,,,,,,,,,,,,,,,,,,,,,,,,,,,,,,,,,
,clinic,yes,clinic,,,-134.6172977,58.3722821,,,,,,,,,,,,,,,,,,,,,,,,,,,,,,,,,,,,,,,,,,,,,,,,,,,,,,,,,,,,,,,,,,,,,,,,,
,clinic,yes,clinic,,,-134.4709459,58.3297762,,,,,,,,,,,,,,,,,,,,,,,,,,,,,,,,,,,,,,,,,,,,,,,,,,,,,,,,,,,,,,,,,,,,,,,,,
,clinic,yes,clinic,Hughes Clinic,,-154.2554933,66.0439394,,,,,,,,,,,,,,,,,,,,,,,,,,,,,,,,,,,,,,,,,,,,,,,,,,,,,,,,,,,,,,,,,,,,,,,,,
,clinic,yes,clinic,Frank Tobuk Sr. Clinic,,-151.5055322,66.9244423,,,,,,,,,,,,,,,,,,,,,,,,,,,,,,,,,,,,,,,,,,,,,,,,,,,,,,,,,,,,,,,,,,,,,,,,,
,clinic,yes,clinic,Alatna Clinic & Washeteria,,-152.7013514,66.5545195,,,,,,,,,,,,,,,,,,,,,,,,,,,,,,,,,,,,,,,,,,,,,,,,,,,,,,,,,,,,,,,,,,,,,,,,,
,clinic,yes,clinic,Allakaket Clinic,,-152.645301,66.5467697,,,,,,,,,,,,,,,,,,,,,,,,,,,,,,,,,,,,,,,,,,,,,,,,,,,,,,,,,,,,,,,,,,,,,,,,,
,clinic,office,clinic,Anaktuvuk Pass Health Clinic,,-151.7331954,68.1426882,,,,,,,,,,,,,,,,,,,,,,,,,,,,,,,,,,,,,,,,,,,,,,,,,,,,,,,,,,,,,,,,,,,,,,,,,
Second Street,clinic,hospital,clinic,Ilanka Community Health Center,,-145.757481,60.5426725,Cordova,http://nveyak.com/ilanka-community-health-center/,,,,,,,,,,,+1 907 4243622,,,,,,,,,,,,,,,,,,,,,,,,,,,,,,,,,,,,,,,,,,,,,,,,,,,,,,,,,,,,
South Bragaw Street,hospital,,hospital,Chris Kyle Patriots Hospital,,-149.8094269,61.2056383,Anchorage,https://chriskylepatriotshospital.com/,,,,psychiatry,,,,,,,,,,,,,,,North Star Behavioral Health System,,,,,,,,,,,,,,,,,,,,,,,,,,,,,,,,,,,,,,,,,,,,,,,,,,,,
,hospital,,hospital,North Star Palmer Residential Treatment Center,,-149.0677145,61.623972,,,,,,,,,,,,,,,,,,,,,,,,,,,,,,,,,,,,,,,,,,,,,,,,,,,,,,,,,,,,,,,,,,,,,,,,,
,clinic,yes,clinic,Wasilla Medical Clinic,,-149.4086638,61.5755684,,,,,,,,,,,,,,,,,,,,,,,,,,,,,,,,,,,,,,,,,,,,,,,,,,,,,,,,,,,,,,,,,,,,,,,,,
,clinic,yes,,Clinic,,-164.039705,59.9343852,,,,,,,,,,,,,,,,,,,,,,,,,,,,,,,,,,,,,,,,,,,,,,,,,,,,,,,,,,,,,,,,,,,,,,,,,
1st Avenue,doctors,yes,,Haines Health Center,"Mo,Tu,Th,Fr 08:00-17:00; We 10:00-17:00",-135.4446561,59.2333833,Haines,https://searhc.org/location/haines/,,,,,,,,,,,,,,,,,,,,,,,,,,,,,,,,,,,,,,,,,,,,,,,,,,,,,,,,,,,,,,,,,,,,,,,
,doctors,yes,doctor,Thomas P. Senter M.D. Dermatology,,-149.8815553,61.2157564,,,,,,,,,,,,,,,,,,,,,,,,,,,,,,,,,,,,,,,,,,,,,,,,,,,,,,,,,,,,,,,,,,,,,,,,,
Eagle Street,doctors,yes,doctor,"Natural Health Center, LLC",M: 8:00-17:00 | T: 8:00-17:00 | W: 8:00-17:00 | Th: 8:00-17:00 | F: 8:00-17:00 | Sat: 9:00-15:00 | Sun: closed,-149.8744914,61.189802,Anchorage,https://www.nhcak.com,,,,,,,,,,,,,,,,,,,Sy Cloud,,,,,,,,,,,,,,,,,,,,-2749,NaturalHealthCenterLLC,naturalhealthcenterllc,nhc@gci.net,1988,,,,,,,,,,,,,,,,,,,,,,,,,,,,
,pharmacy,yes,pharmacy,Walgreens,,-149.8688345,61.1961495,,,,,,,,,,,,,,,,,,,,,,,,,Walgreens,Q1591889,,,,,,,,,,,,,,,,,,,,yes,yes,yes,,,,,,,,,,,,,,,,,,,,,,,,,
,hospital,,hospital,Providence Extended Stay,,-149.7750269,61.2118126,,,,,,,,,,,,,,,,,,,,,,,,,,,,,,,,,,,,,,,,,,,,,,,,,,,,,,,,,,,,,,,,,,,,,,,,,
,hospital,,hospital,Providence Extended Care,,-149.8772754,61.176434,,,,,,,,,,,,,,,,,,,,,Providence,,,,,,,,,,,,,,,,,,,,,,,,,,,,commercial,,,,,,,,,,,,,,,,,,,,,,,,
Cordova Street,hospital,,hospital,St. Elias,,-149.880981,61.1763602,Anchorage,,,,,,,,,,,,,,,,,,,,Providence,,,,,,,,,,,,,,,,,,,,,,,,,,,,commercial,,,,,,,,,,,,,,,,,,,,,,,,
,clinic,yes,clinic,,,-149.814507,61.199372,,,,,,,,,microsoft/BuildingFootprints,,,,,,,,,,,,,,,,,,,,,,,,,,,,,,,,,,,,,,,,,,,,,,,,,,,,,,,,,,,,,,,,
,clinic,yes,clinic,Alaska Hand Rehabilitation,,-149.837178,61.183867,,,,,,,,,microsoft/BuildingFootprints,,,,,,,,,,,,,,,,,,,,,,,,,,,,,,,,,,,,,,,,,,,,,,,,,,,,,,,,,,,,,,,,
,clinic,yes,clinic,Alaska Internal Medicine & Pediatrics,,-149.8356525,61.183675,,,,,,,,,microsoft/BuildingFootprints,,,,,,,,,,,,,,,,,,,,,,,,,,,,,,,,,,,,,,,,,,,,,,,,,,,,,,,,,,,,,,,,
,clinic,yes,clinic,Alaska Family Medical Care,,-149.8371025,61.183341,,,,,,,,,microsoft/BuildingFootprints,,,,,,,,,,,,,,,,,,,,,,,,,,,,,,,,,,,,,,,,,,,,,,,,,,,,,,,,,,,,,,,,
,clinic,yes,clinic,Aurora Maternal-Fetal Medicine,,-149.8351965,61.183364,,,,,,,,,microsoft/BuildingFootprints,,,,,,,,,,,,,,,,,,,,,,,,,,,,,,,,,,,,,,,,,,,,,,,,,,,,,,,,,,,,,,,,
B Street,clinic,office,,Alaska Retinal Consultants,,-149.8854721,61.1698006,Anchorage,,,,,ophthalmology,,,microsoft/BuildingFootprints,,,,,,99518,,,,,,,,,,,,,,,,,,,,,,,,,,,,,,,,,,,,,,,,,,,,,,,,,,,,,,,,,,
,hospital,,hospital,,,-149.8218472,61.2107426,,,,,,,,,,,,,,,,,,,,,,,,,,,,,,,,,,,,,,,,,,,,,,,,,,,,,,,,,,,,,,,,,,,,,,,,,
,pharmacy,commercial,pharmacy,Stikine Drug,,-132.3841516,56.471728,,,,,,,,,Wrangell Open Data,,,,,,,,,,,,,,,,,,,,,,,,,,,,,,,,,,,,,,,,,,,,,,,,,,,,,,,,,,,,,,,,
,clinic,commercial,clinic,Alaska Island Community Services,,-132.38432,56.4710374,,,,,,,,,Wrangell Open Data,,,,,,,,,,,,,,,,,,,,,,,,,,,,,,,,,,,,,,,,,,,,,,,,,,,,,,,,,,,,,,,,
,clinic,yes,clinic,Annette Island Service Unit,,-131.5756827,55.1242988,Metlakatla,,,,,,,,,,,,,,,,,,,,,,,,,,,,,,,,,,,,,,,,,,,,,,,,,,,,,,,,,,,,,,,,,,,,,,,,
30th Avenue,clinic,yes,clinic,Interior Women's Health,,-147.7429467,64.82041,Fairbanks,,,,,,,,microsoft/BuildingFootprints,,,,,,,,,,,,,,,,,,,,,,,,,,,,,,,,,,,,,,,,,,,,,,,,,,,,,,,,,,,,,,,,
,hospital,,hospital,,,-135.3553632,57.0515709,,,,,,,,,,,,,,,,,,,,,,,,,,,,,,,,,,,,,,,,,,,,,,,,,,,,,,,,,,,,,,,,,,,,,,,,,
Carlanna Lake Road,clinic,yes,clinic,PeaceHealth Medical Group,,-131.6873949,55.3541679,,,,,,,,,,,,,,,,,,,,,,,,,,,,,,,,,,,,,,,,,,,,,,,,,,PeaceHealth Medical Group,,,,,,,,,,,,,,,,,,,,,,,
East Meridian Park Loop,clinic,yes,clinic,Ptarmigan Pediatrics,,-149.3613348,61.5932711,Wasilla,,,,,,,,,,,,,,,,,,,,,,,,,,,,,,,,A,,,,,,,,,,,,,,,,,,,,,,,,,,,,,,,,,,,,,,,,
,clinic,yes,clinic,Gambell Clinic,Mo-Fr 08:00-17:00,-171.7269465,63.7785314,,,,,,,,,,,,,,,,,,,,,,,,,,,,,,,,,,,,,,,,,,,,,,,,,,,yes,,,,,,,,,,,,,,,,,,,,,,
,clinic,yes,,Alakanuk Clinic,,-164.6563857,62.683057,,,,,,,,,,,,,,,,,,,,,,,,,,,,,,,,,,,,,,,,,,,,,,,,,,,,,,,,,,,,,,,,,,,,,,,,,
South Alaska Street,clinic,yes,clinic,Palmer Family Medicine,Mo-Fr 09:00-17:00,-149.1151671,61.6046311,City Of Palmer,,,,,,,,esri/USA_NAD_Addresses,,,,,,,,,,,,,,,,,,,,,,,,,,,,,,,,,,,,,,,,,,,,,,,,,,,,,,,,,,,,,,,,
East Maple Springs Way,clinic,yes,clinic,Capstone Clinic,Mo-Fr 08:30-17:00,-149.1471005,61.5989633,Palmer,https://www.capstoneclinic.net/,,,,,,,,,,,,,,,,,,,,,,,,,,,,,,,A,,,,,,,,,,,,,,,,,,,,,,,,,,,,,,,,,,,,,,,,
,clinic,yes,,,,-157.3748965,58.208836,,,,,,,,,,,,,,,,,,,,,,,,,,,,,,,,,,,,,,,,,,,,,,,,,,,,,,,,,,,,,,,,,,,,,,,,,
,clinic,yes,clinic,Alaska Regional MyHealth Clinic,,-149.84397,61.141403,,,,,,,,,,,,,,,,,,,,,,,,,,,,,,,,,,,,,,,,,,,,,,,,,,,,,,,,,,,,,,,,,,,,,,,,,
,clinic,yes,clinic,John Afcan Memorial Clinic,,-163.1835914,62.0524136,,,,,,,,,,,,,,,,,,,,,,,,,,,,,,,,,,,,,,,,,,,,,,,,,,,,,,,,,,,,,,,,,,,,,,,,,
,clinic,yes,clinic,Nunam Iqua Health Clinic,,-164.8497269,62.5313189,,,,,,,,,,,,,,,,,,,,,,,,,,,,,,,,,,,,,,,,,,,,,,,,,,,,,,,,,,,,,,,,,,,,,,,,,
,clinic,yes,clinic,Russian Mission Clinic,,-161.3302905,61.7839779,,,,,,,,,,,,,,,,,,,,,,,,,,,,,,,,,,,,,,,,,,,,,,,,,,,,,,,,,,,,,,,,,,,,,,,,,
5th Avenue,hospital,,hospital,Maniilaq Health Center,,-162.5871131,66.8959734,Kotzeblue,https://www.maniilaq.org/health-services/,,,,,,,,,,,,,,,,,,,,,,,,,,,,,,,,,,,,,,,,,,,,,,,,,,,,,,,,,,,,,,,,,,,,,,,
,doctors,yes,doctor,EMT Shack,,-149.5971851,68.6268297,,,,,,,,,,,,,,,,,,,,,,,,,,,,,,,,,,,,,,,,,,,,,,,,,,,,,,,,,,,,,,,,,,,,,,,,,
,clinic,yes,clinic,,,-159.2382832,61.5755193,,,,,,,,,,,,,,,,,,,,,,,,,,,,,,,,,,,,,,,,,,,,,,,,,,,,,,,,,,,,,,,,,,,,,,,,,
,clinic,yes,,Nicholas Kompkoff Clinic,,-148.0167861,60.0656884,,,,,,,,,,,,,,,,,,,,,,,,,,,,,,,,,,,,,,,,,,,,,,,,,,,,,,,,,,,,,,,,,,,,,,,,,
South Talkeetna Spur,clinic,yes,clinic,Sunshine Community Health Center,,-150.052539,62.1903573,Talkeetna,https://www.sunshineclinic.org/,,,,,,,,,Sunshine Clinic,,,,,,,,,,,,,,,,,,,,,,,,,,,,,,,,,,,,,,,,,Mile 4.4 Talkeetna Spur Rd Talkeetna Alaska 99676,,,,,,,,,,,,,,,,,,,,,
,clinic,yes,clinic,,,-149.2587691,61.574991,,,,,,,,,,,,,,,,,,,,,,,,,,,,,,,,,,,,,,,,,,,,,,,,,,,,,,,,,,,,,,,,,,,,,,,,,
,hospital,,hospital,Central Peninsula Hospital,,-151.0771041,60.4936323,,,,,,,,,,,,,,,,,,,,,,,,,,,,,,,,,,,,,,,,,,,,,,,,,,,,,,,,,,,,,,,,,,,,,,,,,
,doctors,yes,doctor,Imaging Associates,,-149.8297055,61.1876153,,https://imagingak.com/,,,,radiology,,,,,,,,,,,,,,,,,,,,,,,,,,,,,,,,,,,,,,,,,,,,,,,,,,,,,,,,,,,,,,,,,,,
,doctors,yes,doctor,Alaska Surgery Center,,-149.8142091,61.2105428,,https://aksurgery.com/,,,,surgery,,,,,,,,,,,,,,,,,,,,,,,,,,,,,,,,,,,,,,,,,,,,,,,,,,,,,,,,,,,,,,,,,,,
,clinic,yes,clinic,Rose Ambrose Health Clinic,,-156.3847713,65.7018724,,,,,,,,,,,,,,,,,,,,,,,,,,,,,,,,,,,,,,,,,,,,,,,,,,,,,,,,,,,,,,,,,,,,,,,,,
,clinic,yes,clinic,,,-154.8695576,59.7542469,,,,,,,,,,,,,,,,,,,,,,,,,,,,,,,,,,,,,,,,,,,,,,,,,,,,,,,,,,,,,,,,,,,,,,,,,
Noble Street,clinic,yes,clinic,Tanana Valley Clinic 1st Care,Mo-Su 08:00-19:00,-147.7133346,64.8385336,,,,,,,,,,,,,,,,,,,,,,,,,,,,,,,,,,,,,,,,,,,,,,,,,,,,,,,,,,,,,,,,,,,,,,,,,
Fram Street,hospital,,hospital,Petersburg Medical Center,24-Jul,-132.955361,56.8128844,Petersburg,https://www.pmcak.org/,,,,,,,,,,,,,,,,,,,,,,,,,,,,,,,,,,,,,,,,,,,,,,,,,,,,,,,,,,,,,,,,,,,,,,,
,hospital,,hospital,,,-132.3727848,56.4633204,,,,,,,,,,,,,,,,,,,,,,,,,,,,,,,,,,,,,,,,,,,,,,,,,,,,,,,,,,,,,,,,,,,,,,,,,
,clinic,yes,clinic,,,-135.7278835,58.4076651,,,,,,,,,,,,,,,,,,,,,,,,,,,,,,,,,,,,,,,,,,,,,,,,,,,,,,,,,,,,,,,,,,,,,,,,,
,clinic,yes,clinic,Camai Clinic,,-157.007588,58.7328492,,,,,,,,,,,,,,,,,,,,,,,,,,,,,,,,,,,,,,,,,,,,,,,,,,,,,,,,,,,,,,,,,,,,,,,,,
,clinic,yes,clinic,Atla Qiaramtome Clinic,,-174.1977539,52.2009552,,,,,,,,,,,,,,,,,,,,,,,,,,,,,,,,,,,,,,,,,,,,,,,,,,,,,,,,,,,,,,,,,,,,,,,,,
,hospital,,hospital,Colonel Mary Louise Rasmuson Campus,,-149.7448815,61.2332345,,,,,,,,,,,,,,,,,,,,,,,,,,,,,,,,,,,,,,,,,,,,,,,,,,,,,,,,,,,,,,,,,,,,,,,,,
Slocum Drive,clinic,yes,clinic,King Cove Clinic,,-162.2959273,55.048481,King Cove,https://cityofkingcove.com/medical/,,,,,,,,,,,,,,,,,,,Eastern Aleutian Tribes EATS,private_non_profit,,,,,,,,,,,,,,,,,,,,,,,,,,,,,,,,,,,,,,,,,,,,,,,,,,,
,hospital,,hospital,,,-162.2960781,55.0485304,,,,,,,,,,,,,,,,,,,,,,,,,,,,,,,,,,,,,,,,,,,,,,,,,,,,,,,,,,,,,,,,,,,,,,,,,
,hospital,,hospital,Yukon-Kuskokwim Delta Regional Hospital,,-161.7856787,60.7884352,,,,,,,,,,,,,,,,,,,,,,,,,,,,,,,,,,,,,,,,,,,,,,,,,,,,,,,,,,,,,,,,,,,,,,,,,
,clinic,yes,clinic,Medical Clinic,,-161.770466,60.7222174,,,,,,,,,,,,,,,,,,,,,,,,,,,,,,,,,,,,,,,,,,,,,,,,,,,,,,,,,,,,,,,,,,,,,,,,,
Main Street,clinic,yes,clinic,Bethel Family Clinic,,-161.7618188,60.7960198,Bethel,,,,,,,,,,,,,,,,,,,,,,,,,,,,,,,,,,,,,,,,,,,,,,,,,,,,,,,,,,,,,,,,,,,,,,,,
Chief Thomas Drive,clinic,yes,clinic,Alpine Medical Group-North,Mo-Fr 08:00-17:00; Sa-Su off,-147.7800876,64.845673,Fairbanks,https://www.amgfairbanks.com/,,,,,,,,,,,,,,,,,,,,,,,,,,,,,,,,,,,,,,,,,,,,,,,,,,,,,,,,,,,,,,,,,,,,,,,
Phillips Field Road,clinic,yes,clinic,Mountain View Medical Center,,-147.7842601,64.8467471,Fairbanks,,,,,,,,,,,,,,,,,,,,,,,,,,,,,,,,,,,,,,,,,,,,,,,,,,,,,,,,,,,,,,,,,,,,,,,,
,hospital,,hospital,,,-149.8539596,61.2210082,,,,,,,,,,,,,,,,,,,,,,,,,,,,,,,,,,,,,,,,,,,,,,,,,construction,,,,,,,,,,,,,,,,,,,,,,,,
Glacier Avenue,doctors,yes,doctor,Glacier Pediatrics,,-134.426777,58.304888,Juneau,https://www.glacierpediatrics.com/,,,,paediatrics,,,,,,,,,,,,,,,,,,,,,,,,,,,,,,,,,,,,https://www.facebook.com/glacierpediatrics/,,,1999,,,,,,,,,,,,,,,,,,,,,,,,,,,,
Lavelle Court,clinic,,clinic,Iliuliuk Family and Health Services,Mo-Fr 08:30-18:00; Sa 08:30-13:00,-166.5392208,53.8721667,Unalaska,https://www.ifhs.org/,,,,,,,,,,,,,,,,,,,,,,,,,,,,,,,,,,,,,,,,,,,,,,,,,,,,,,,,,,,,,,,,,,,,,,,
,pharmacy,,pharmacy,Homer Rexall Drugs,,-151.5233,59.6469636,,,,,,,,,,,,,,,,,,,,,,,,,,,,,,yes,,,,,,,,,,,,,,,,,,,,,,,,,,,,,,,,,,,,,,,,,,,
,clinic,,clinic,Peninsula Surgical Clinic,,-151.5474112,59.644106,,,,,,,,M. Todd Boling D.O.,,,,,,,,,,,,,,,,,,,,,,,,,,,,,,,,,,,,,,,,,,,,,,,,,,,,,,,,,,,,,,,,,
,pharmacy,,pharmacy,People's Drug - Rexall,,-132.957684,56.8129001,Petersburg,,,,,,,,,,,,,,,,,,,,,,,,,,,,,,,,,,,,,,,,,,,,,,,,,,,,,,,,,,,,,,,,,,,,,,,,
,clinic,,,Healy Clinic,,-149.0060712,63.8704949,,https://www.interiorcommunityhealth.org/contents/healy-clinic,,,,,,,,,,,,,,,,,,,Interior Community Health Center,,,,,,,,,,,,,,,,,,,,,,,,,,,,,,,,,,,,,,,,,,,,,,,,,,,,
,clinic,,clinic,Canyon Clinic,,-148.901478,63.7474852,,,,,,,,,,,,,,,,,,,,,,,,,,,,,,,,,,,,,,,,,,,,,,,,,,,,,,,,,,,,,,,,,,,,,,,,,
Tongass Avenue,pharmacy,,pharmacy,Island Pharmacy,,-131.69235,55.35596,,https://www.islandpharmacyak.com/,,,,,,,,,,,,,,,,,,,,,,,,,,,,yes,,,,,,,,,,,,,,,,,,,,Island Pharmacy,,,,,,,,,,,,,,,,,,,,,,,
,clinic,,clinic,Gustavus Clinic,,-135.7278199,58.4076632,,,,,,,,,,,,,,,,,,,,,,,,,,,,,,,,,,,,,,,,,,,,,,,,,,,,,,,,,,,,,,,,,,,,,,,,,
,clinic,,yes,Hope Clinic,,-149.6203984,60.9194267,,,,,,,,,,,,,,,,,,,,,,,,,,,,,,,,,,,,,,,,,,,,,,,,,,,,,,,,,,,,,,,,,,,,,,,,,
,clinic,,clinic,Fairbanks Urgent Care,,-147.756874,64.8360099,,,,,,,,,,,,,,,,,,,,,,,,,,,,,,,,,,,,,,,,,,,,,,,,,,,,,,,,,,,,,,,,,,,,,,,,,
,pharmacy,,pharmacy,Medical Center Pharmacy,,-147.756374,64.8359269,,,,,,,,,,,,,,,,,,,,,,,,,,,,,,,,,,,,,,,,,,,,,,,,,,,,,,,,,,,,,,,,,,,,,,,,,
Hospital Drive,doctors,,doctor,Rainforest Pediatrics,,-134.4651154,58.3295414,Juneau,https://www.pcpcc.org/practice/rainforest-pediatric-care,,,,paediatrics,,,,,,,,,,,,,,,,,,,,,,,,,,,Suite D,,,,,,,,,,,,,,,,,,,,,,,,,,,,,,,,,,,,,,,,
,clinic,,,Creative Abilities Physical Therapy,,-150.7501218,60.5355567,,,,,,,,,,,,,,,,,,,,,,,,,,,,,,,,,,,,,,,,,,,,,,,,,,,,,,,,,,,,,,,,,,,,,,,,,
,doctors,,doctor,Alaska Children's Eye and Strabismus,,-149.8591045,61.1888584,,,,,,,,,,,,,,,,,,,,,,,,,,,,,,,,,,,,,,,,,,,,,,,,,,,,,1,,,,,,,,,,,,,,,,,,,,
,doctors,,doctor,Alaska Retinal Consultants,,-149.8591018,61.1889036,,,,,,,,,,,,,,,,,,,,,,,,,,,,,,,,,,,,,,,,,,,,,,,,,,,,,1,,,,,,,,,,,,,,,,,,,,
Huffman Road,doctors,,doctor,First Care,07:00-23:00,-149.8579289,61.1090012,Anchorage,https://www.firstcareak.com/,,,,,,,,,,,,,,,,,,,,,,,,,,,,,,,Suite 100,,,,,,,,,,,,,,,,,,,,,yes,,,,,,,,,,,,,,,,,,,
,doctors,,doctor,Arctic Chiropractic,,-162.598659,66.8987589,,,,,,,,,,,,,,,,,,,,,,,,,,,,,,,,,,,,,,,,,,,,,,,,,,,,,,,,,,,,,,,,,,,,,,,,,
,clinic,,,Tok Public Health Center,,-142.9841933,63.3362202,,,,,,,,,,,,,,,,,,,,,,,,,,,,,,,,,,,,,yes,,,,,,,,,,,,,,,,,,,,,,,,,,,,,,,,,,,,
Glacier Highway,clinic,,clinic,Moontide Healing Arts LLC,,-134.581511,58.3632272,,http://moontidehealing.com,,,,,,,,,,,,,,,,,,,,,,,,,,,,,,,,,,,,,,,,,,moontide.massage@gmail.com,,,,,,,,,,,Moontide Healing Arts LLC,,,,,,,,,,,,,,,,,,
,clinic,,clinic,Valdez Chiropractic Center,,-146.357661,61.1287415,,,,,,,,,,,,,,,,,,,,,,,,,,,,,,,,,,,,,,,,,,,,,,,,,,,,,1,,,yes,,,,,,,,,,,,,,,,,
,clinic,,clinic,Summit Physical Therapy,,-151.5291399,59.6479719,,,,,,physiatry,,,,,,,,,,,,,,,,,,,,,,,,,,,,,,,,,,,,,,,,,,,,,,,,,,,,,,,,,,,,,,,,,,,
Piper Street,clinic,,clinic,Alaska Heart Institute,Mo-Fr 08:00-17:00,-149.8215774,61.1862962,Anchorage,,,,,,,,,,,,,,,,,,,,,,,,,,,,,,,,,,,,,,,,,,,,,,,,,,yes,,,,,,,,,,,,,,,,,,,,,,
,clinic,,clinic,Providence Crisis Recovery Center,24-Jul,-149.8271607,61.185697,,https://alaska.providence.org/services/c/crisis-recovery-center,,,,psychiatry,,,,,,,,,,,,,,,,,,,,,,,,,,,,,,,,,,,,,,,,,,,,,,,,,,,,,,,,,,,,,,,,,,,
East Palmer-Wasilla Highway,pharmacy,,pharmacy,Three Bears Alaska,"Mo-Fr 09:30-19:00, Sa 10:00-14:00, Su closed",-149.246166,61.6005599,Palmer,https://threebearsalaska.com/mat-su/,,,,,,,EsriWorldImagery,,Three Bears Pharmacy,,,,,,,,,,,,,,,,,,,yes,,,,,,,,,,,-5544,,,,,,,,,,,,,,,,,,,,,,,,,,,,,,,,
East Country Field Circle,pharmacy,,pharmacy,Geneva Woods Pharmacy,"Mo-Fr 08:00-18:00, Sa-Su closed",-149.357993,61.5890709,Wasilla,https://www.genevawoodshealth.com/locations/pharmacy-wasilla/,,,,,,,,,,,,,,,,,,,,,,,,,,,,yes,,,,,,,,,,,,,,,,,,,,,,,,,,,,,,,,,,,,,,,,,,,
Old Seward Highway,clinic,,clinic,Blood Bank of Alaska,,-149.8652051,61.1399232,,,,,,,,,,,,,,,,,,,,,,,,,,,,,,,,,,,,,,,,,,,,,,,,,,,,,,,,,,,,,,,,,,,,,,,,,
West Evergreen Avenue,pharmacy,,pharmacy,Fred Meyer Pharmacy,"Mo-Fr 09:00-21:00, Sa 09:00-19:00, Su 11:00-18:00",-149.126565,61.6005436,Palmer,https://www.fredmeyer.com/stores/details/701/00649,,,,,,,EsriWorldImagery,,,,,,,,,,,,,,,,Fred Meyer,Q5495932,,,,yes,,,,,,,,,,,,,,,,,,,,,yes,,,,,,,,,,,,,,,,,,,,,,
West Evergreen Avenue,pharmacy,,pharmacy,Carrs,"Mo-Fr 09:00-21:00, Sa 09:00-18:00, Su 11:00-18:00",-149.1264971,61.597964,Palmer,https://local.pharmacy.carrsqc.com/ak/palmer/664-w-evergreen-ave.html,,,,,,,,,Carrs Safeway,,,,,,,,,,,,,,Carrs,Q5046735,,,,yes,,,,,,,,,,,,,,,,,,,,,,,,,,,,,,,,,,,,,,,,,,,
,pharmacy,,pharmacy,Walgreens,,-149.5669949,61.328837,,,,,,,,,EsriWorldImagery,,,,,,,,,,,,,,,,Walgreens,Q1591889,,,,yes,,,,,,,,,,,,,,,,,,,,,,,,,,,,,,,,,,,,,,,,,,,
,pharmacy,,pharmacy,Rons Apothecary,,-134.5873783,58.3715402,,,,,,,,,,,,,,,,,,,,,,,,,,,,,,yes,,,,,,,,,,,,,,,,,,,,,,,,,,,,,,,,,,,,,,,,,,,
Lincoln Street,pharmacy,,pharmacy,Harry Race Pharmacy,,-135.3382166,57.0492118,Sitka,https://www.sitkapharmacies.com/,,,,,,,,,,,,,,,,,,,,,,,,,,,,yes,,,,,,,,,,,,,,,,,,,,,,,,,,,no,yes,,,,,,,,,,,,,,,
Boniface Parkway,clinic,,clinic,CAPSTONE CLINIC,,-149.7772614,61.1810884,Anchorage,,,,,,,,,,,,,,,,,,,,,,,,,,,,,,,,,,,,,,,,,,,,,,,,,,,,,,,,,,,,,,,,,,,,,,,,
Boniface Parkway,clinic,,clinic,EMPOWER PHYSICAL THERAPY,,-149.777023,61.1811346,Anchorage,,,,,,,,,,,,,,,,,,,,,,,,,,,,,,,,,,,,,,,,,,,,,,,,,,,,,,,,,,,,,,,,,,,,,,,,
Providence Drive,pharmacy,,pharmacy,Providence Medical Arts Pharmacy,,-149.8195054,61.1894607,Anchorage,,,,,,,,,,,,,,,,,,,,,,,,,,,,,yes,,,,,,,,,,,,,,,,,,,,,,,,,,,,,,,,,,,,,,,,,,,
East Northern Lights Boulevard,clinic,,clinic,Urgent Care Medical Clinic,,-149.7812138,61.1960415,Anchorage,,,,,,,,,,,,,,,,,,,,,,,,,,,,,,,,1,,,,,,,,,,,,,,,,,,,,,,,,,,,,,,,,,,,,,,,,
,clinic,,clinic,Edgar Nollner Health Center,,-156.8769569,64.7446924,,,,,,,,,,,,,,,,,,,,,Tanana Chiefs Conference,,,,,,,,,,,,,,,,,,,,,,,,,,,,,,,,,,,,,,,,,,,,,,,,,,,,
Yukon Drive,clinic,,clinic,UAF Student Health and Counseling Center,"Mo,Tu,Th,Fr 08:30-17:00; We 10:00-17:00; SH off",-147.8221594,64.8583545,Fairbanks,https://www.uaf.edu/chc/,,,,,,,,,,,,,,,,,,,University of Alaska Fairbanks,,,,,,,,,,,,203,,,,,,,,-7157,https://www.facebook.com/UAFStudent.Health/,https://www.instagram.com/uafshcc/,uaf-sh-cc@alaska.edu,,,,,,Whitaker Building,,,,,,,,,https://twitter.com/UAFHealth_Couns,,,,,,,,,,,,,,
Sterling Highway,pharmacy,,pharmacy,Safeway,"Mo-Fr 09:00-20:00, Sa 10:00-18:00, Su 10:00-17:00",-151.0712459,60.4841932,Soldotna,https://local.pharmacy.safeway.com/safeway/ak/soldotna/44428-sterling-hwy.html,,,,,,,,,,,,,,,,,,,,,,,Safeway,Q1508234,,,,yes,,,,,,,,,,,,,,,,yes,yes,yes,,,,,,,,,no,,,,,,,,,,,,,,,,
West Dimond Boulevard,pharmacy,,pharmacy,Carrs,"Mo-Fr 09:00-21:00, Sa-Su 10:00-18:00",-149.95359,61.1361985,Anchorage,https://local.pharmacy.carrsqc.com/ak/anchorage/4000-w-dimond-blvd.html,,,,,,,,,,,,,,,,,,,,,,,Carrs,Q5046735,,,,yes,,,,,,,,,,,,,,,,yes,yes,yes,,,yes,,,,,,no,,,Q1508234,,,,,,,,,,,,,
Sterling Highway,pharmacy,,pharmacy,Fred Meyer Pharmacy,"Mo-Su 09:00-21:00, Sa 09:00-18:00, Su 11:00-18:00",-151.0484069,60.4893067,Soldotna,,,,,,,,,,,,,,,,,,,,,,,,Fred Meyer,Q5495932,,,,yes,,,,,,,,,,,,,,,,,,,,,,,,,,,,,,,,,,,,,,,,,,,
West Dimond Boulevard,pharmacy,,pharmacy,Fred Meyer Pharmacy,"Mo-Fr 09:00-21:00,Sa 09:00-19:00, Su 11:00-18:00",-149.9188842,61.1364161,Anchorage,https://www.fredmeyer.com/stores/details/701/00071,,,,,,,,,,,,,,,,,,,,,,,Fred Meyer,Q5495932,,,,yes,,,,,,,,,,,,,,,,yes,,,,,,,,,,,yes,,,,,,,,,,,,,,,,
West Dimond Boulevard,pharmacy,,pharmacy,Walgreens,"Mo-Fr 09:00-13:30, Mo-Fr 2:00-18:00",-149.919666,61.1382731,Anchorage,https://www.walgreens.com/locator/walgreens-2197+w+dimond+blvd-anchorage-ak-99515/id=12680,,,,,,,,,,,,,,,,,,Lunch break from 1 pm to 2 pm daily,,,,,Walgreens,Q1591889,,,,yes,,,,,,,,,,,,,,,,yes,yes,yes,,,yes,,,,,,yes,,,,,,,,,,,,,,,,
Jewel Lake Road,clinic,,clinic,"Urgent Care Medical Clinic, LLC","Mo-Fr 08:00-18:00, Sa-Su 11:00-16:00",-149.952715,61.1383079,Anchorage,https://www.alaskaurgentcaremedicalclinic.com/,,,,general,,,,,,,,,,,,,,,,,,,,,,,,,,,B,,,,,,,,-9717,,,,,yes,yes,yes,,,yes,,,,,,,,,,19-02-2024,,,,,,,,,,,,
,clinic,,clinic,Calm Harbor,,-131.68754,55.3530247,,,,,,,,,,,,,,,,,,,,,,,,,,,,,,,,,,,,,,,,,,,,,,,,,,,,,,,,,,,,,,,,,,,,,,,,,
,clinic,,,Upper Tanana Heath Center,,-142.9912126,63.333188,,,,,,,,,,,,,,,,,,,,,,,,,,,,,,,,,,,,,,,,,,,,,,,,,,,,,,,,,,,,,,,,,,,,,,,,,
Airport Way,hospital,,hospital,Fairbanks Family Wellness,Mo-Fr 09:00-18:00,-147.807663,64.8373102,Fairbanks,https://fairbanksfamilywellness.com,US,,,paediatrics,,,,,,,,,,,,,,,Amy Williamson,private,,,,,,,,,,,4,,,,,,,,,,,,,yes,,yes,,,,,,,,,,,,,,yes,yes,yes,yes,yes,,,,,,,
West 100th Avenue,pharmacy,,pharmacy,CVS Pharmacy,Mo-Fr 09:00-21:00; Sa-Su 09:00-18:00,-149.879976,61.1299096,,https://www.cvs.com/store-locator/anchorage-ak-pharmacies/150-w-100th-ave-anchorage-ak-99515/storeid=17436,,,,,,,,,,,,,,,,,,,,,,,CVS Pharmacy,Q2078880,,,,yes,,,,,,,,,,,,,,,,,,,,,,,,,,,,,,,,,,,,,https://www.cvs.com/,CVS,,,,,
,hospital,,hospital,Wrangell Medical Center,,-132.3726365,56.4631625,,,,,,,,,,,,,,,,,,,,,Southeast Alaska Regional Health Consortium SEARHC,private,,,,,,,,,,,,,,,,,,,,,,,,,,,,,,,,,,,,,,,,,,,,,,,,,,,
East 36th Avenue,clinic,,clinic,Vera Whole Health,Mo-Th 08:00-19:00; Fr 06:00-17:00,-149.8728543,61.1878045,Anchorage,https://patients.verawholehealth.com/clinic/Midtown-Anchorage,,,,general,,,,,,,,,,,,,,,,,,,,,,,,,,,,,,,,,,,-6163,,,midtownanc@verawholehealth.com,,yes,yes,yes,,,yes,,,,,,,,,,,,,,,,,,Midtown Anchorage,,,,
,clinic,,clinic,Ninilchik Community Clinic,,-151.5293571,59.6479122,,,,,,,,,,,,,,,,,,,,,,,,,,,,,,,,,,,,,,,,,,,,,,,,,,,,,,,,,,,,,,,,,,,,,,,,,
,clinic,,clinic,South Peninsula Annex,,-151.5452868,59.6453532,,,,,,,,,,,,,,,,,,,,,,,,,,,,,,,,,,,,,,,,,,,,,,,,,,,,,0,,,,,,,,,,,,,,,,,,,,
,doctors,,,Health Care Center,,-155.4840351,64.7364249,,,,,,,,,,,,,,,,,,,,,,,,,,,,,,,,,,,,,,,,,,,,,,,,,,,,,,,,,,,,,,,,,,,,,,,,,
Lindblad Avenue,clinic,,clinic,Girdwood Health Clinic,,-149.134003,60.9636035,Girdwood,,,,,,,,,,,,,,,,,,,,,,,,,,,,,,,,,,,,,,,,,,,,,,,,,,,,,,,,,,,,,,,,,,,,,,,,
Piper Street,doctors,,doctor,Alaska Urology,Mo-Th 08:00-17:00; Fr 08:00-13:00,-149.8212711,61.1862652,Anchorage,https://www.alaskaurology.com/,,,,urology,,,,,,,,,,,Monday-Thursday 8 AM–5 PM Friday 8 AM–1 PM,,,,,,,,,,,,,,,,t300,,,,,,,,,,,,,,,,,,,,,,,,,,,,,,,,,,,,,,,,
Piper Street,doctors,,doctor,Alaska Center for Dermatology,Mo-Th 08:00-17:00; Fr 08:00-16:00,-149.8211265,61.1862041,Anchorage,https://dermalaska.com/,,,,dermatology,,,,,,,,,,,,,,,,,,,,,,,,,,,T4-020,,,,,,,,,,,,,,,,,,,,,,,,,,,,,,,,,,,,,,,,
Geist Road,doctors,,doctor,"McKinley Orthopedic, Sports Medicine & Spine",Mo-Sa 08:00-20:00,-147.8163869,64.8486446,Fairbanks,,,,,orthopaedics;sports_medicine,,,,,,,,,,,,,,,,,,,,,,,,,,,,,,,,,,,,,,,,,,,,,,,,,,,,,,,,,,,,,,,,,,,
1st Avenue,clinic,,,Chief Peter John Building,,-147.7086932,64.8444537,,,,,,,,,,,,,,,,,,,,,Tanana Chiefs Conference,,,,,,,,,,,,,,,,,,,,,,,,,,,,,,,,,,,,,,,,,,,,,,,,,,,,
,clinic,,clinic,,,-149.9124386,61.1892525,,,,,,,,,,,,,,,,,,,,,,,,,,,,,,,,,,,,,,,,,,,,,,,,,,,,,,,,,,,,,,,,,,,,,,,,,
,clinic,,clinic,Providence Urgent Care,,-149.906055,61.1945636,,,,,,,,,,,,,,,,,,,,,,,,,,,,,,,,,,,,,,,,,,,,,,,,,,,,,,,,,,,,,,,,,,,,,,,,,
,clinic,,clinic,"U.S. Department of Veterans Affairs, Domiciliary Care Program",,-149.8856976,61.1934524,,,,,,,,,,,,,,,,veterans,,,,,VA,,,,,,,,,,Q6580225,,,,,,,,,,,,,,,,,,,,,,,,,,,,,,,,,,,,,VA,,,,,
E. Northern Lights Blvd,doctors,,doctor,Medical Park Family Care,Mo-Fr 07:30-18:00; Sa 09:00-14:00,-149.8404206,61.1957942,,https://mpfcak.com/,,,,,,,,,,,,,,,,,,,,,,,,,,,,,,,,,,,,,,,,,,,,,,,,,yes,,,,,,,,,,,,,,,,,,,,,,
,doctors,,doctor,Anchorage Neighborhood Health Center,,-149.8875524,61.1758911,,,,,,,,,,,,,,,,,,,,,,,,,,,,,,,,,,,,,,,,,,,,,,,,,,,,,,,,,,,,,,,,,,,,,,,,,
,doctors,,doctor,Lemon Tree Family Medicine,,-149.8913396,61.1451456,,,,,,,,,,,,,,,,,,,,,,,,,,,,,,,,,,,,,,,,,,,,,,,,,,,,,,,,,,,,,,,,,,,,,,,,,
,pharmacy,,pharmacy,Carrs Aurora Village,,-149.9161769,61.1941968,,https://local.pharmacy.carrsqc.com/ak/anchorage/1650-w-northern-lights-blvd.html,,,,,,,,,,,,,,,,,,,,,,,Carrs,Q5046735,,,,,,,,,,,,,,,,,,,,,,,,,,,,,,,,,,,,,,,,,,,,,,,
,clinic,,clinic,Alaska Urgent Care & Sports Medicine,,-149.8584184,61.1440729,,,,,,,,,,,,,,,,,,,,,,,,,,,,,,,,,,,,,,,,,,,,,,,,,,,,,,,,,,,,,,,,,,,,,,,,,
,pharmacy,,pharmacy,Fred Meyer Pharmacy,,-149.7358546,61.2117499,,,,,,,,,,,,,,,,,,,,,,,,,Fred Meyer,Q5495932,,,,,,,,,,,,,,,,,,,,,,,,,,,,,,,,,,,,,,,,,,,,,,,
,pharmacy,,pharmacy,Fred Meyer Pharmacy,,-149.8642474,61.1946074,,,,,,,,,,,,,,,,,,,,,,,,,Fred Meyer,Q5495932,,,,,,,,,,,,,,,,,,,,,,,,,,,,,,,,,,,,,,,,,,,,,,,
,clinic,,clinic,PM Pediatric Urgent Care,,-149.8689087,61.1886486,,,,,,,,,,,,,,,,,,,,,,,,,,,,,,,,,,,,,,,,,,,,,,,,,,,,,,,,,,,,,,,,,,,,,,,,,
Lake Otis Parkway,pharmacy,,pharmacy,Walgreens,"Mo-Fr 07:00-22:00, Sa-Su 08:00-22:00",-149.836877,61.181517,Anchorage,https://www.walgreens.com/locator/walgreens-4353+lake+otis+pkwy-anchorage-ak-99508/id=15653,,,,,,,,,,,,,,,,,,Pharmacy Services Mon - Fri 9am – 5pm* Sat - Sun Closed* Drive-thru service available *Pharmacy closed 1:30 - 2pm for meal break,,,,,Walgreens,Q1591889,,,,yes,,,,,,,,,,,,,,,,,,,,,,,,,,,yes,,,,,,,,,,,,Store #15653,,,,
,pharmacy,,pharmacy,Carr's Pharmacy,,-149.7359128,61.1964458,,https://local.pharmacy.carrsqc.com/ak/anchorage/7731-e-northern-lights-blvd.html,,,,,,,,,,,,,,,,,,,,,,,Carrs,Q5046735,,,,,,,,,,,,,,,,,,,,,,,,,,,,,,,,,,,,,,,,,,,,,,,
,clinic,,clinic,"Alaska Cares, Prividence Multidisciplinary Center",,-149.8822748,61.1762572,,,,,,,,,,,,,,,,,,,,,Providence,private,,,,,,,,,,,,,,,,,,,,,,,,,,,,,,,,,,,,,,,,,,,,,,,,,,,
,pharmacy,,pharmacy,Geneva Woods,,-149.892531,61.1743089,,,,,,,,,,,,,,,,,,,,,,,,,,,,,,,,,,,,,,,,,,,,,,,,,,,,,,,,,,,,,,,,,,,,,,,,,
Central Avenue,clinic,,clinic,354th Medical Group,,-147.0926245,64.6784067,Eielson AFB,https://eielson.tricare.mil,,,,,,,,,,,,,,,,,,,,,,,,,,,,,,,,,,,,,,,,,,,,,,,,,,,,,,,,,,,,,,,,,,,,,,,
Glenn Highway,clinic,,clinic,Cross Road Medical Center,,-145.540928,62.108932,Glennallen,https://www.crossroadmc.org,,,,,,,,,,,,,,,,,,,,,,,,,,,,,,,,,,,,,,,,,,,,,,,,,,,,,,,,,,,,,,,,,,,,,,,
East 5th Street,clinic,,clinic,Fort Greely Army Medical Home,,-145.7134337,63.9716633,Fort Greely,https://bassett-wainwright.tricare.mil/Clinics/Fort-Greely-AMH,,,,,,,,,,,,,,,,,,,,,,,,,,,,,,,,,,,,,,,,,,,,,,,,,,,,,,,,,,,,,,,,,,,,,,,
Mechanic Road,clinic,,clinic,Adak Medical Center - EAT,,-176.640263,51.868005,Adak,https://www.eatribes.org,,,,,,,,,,,,,,,,,,,,,,,,,,,,,,,,,,,,,,,,,,,,,,,,,,,,,,,,,,,,,,,,,,,,,,,
Neely Road,hospital,,hospital,Bassett Army Community Hospital,,-147.6622292,64.8297002,Fort Wainwright,https://bassett-wainwright.tricare.mil,,,,,,,,,,,,,,,,,,,,,,,,,,,,,,,,,,,,,,,,,,,,,,,,,,,,,,,,,,,,,,,,,,,,,,,
East Rezanof Drive,hospital,,hospital,Providence Kodiak Island Medical Center,,-152.3756077,57.8009,Kodiak,,,,,,,,,,,,,,,,,,,,,,,,,,,,,,,,,,,,,,,,,,,,,,,,,,,,,,,,,,,,,,,,,,,,,,,,
Piper Street,hospital,,hospital,Alaska Psychiatric Institute,,-149.8298016,61.1850968,Anchorage,,,,,psychiatry,,,,Q16868887,,,,,,,,,,,,,,,,,,,,,,,,,,en:Alaska Psychiatric Institute,,,,,,,,,,,,,,,,,,,,,,,,,,,,,,,,,,,,,
East Bogard,hospital,,hospital,Mat-Su Regional Outpatient Center,,-149.4270914,61.5864231,Wasilla,https://www.matsuregional.com,,,,,,,,,,,,,,,,,,,,,,,,,,,,,,,,,,,,,,,,,,,,,,,,,,,,,,,,,,,,,,,,,,,,,,,
,clinic,,,Progressive Physical Therapy,,-149.9025182,61.2153317,,,,,,physical_therapy,,,,,,,,,,,,,,,,,,,,,,,,,,,,,,,,,,,,,,,,,,,,,,,,,,,,,,,,,,,,,,,,,,,
,clinic,,,SEARHC Alicia Roberts Medical Center,,-133.0959374,55.5480121,,,,,,,,,,,,,,,,,,,,,,,,,,,,,,,,,,,,,,,,,,,,,,,,,,,,,,,,,,,,,,,,,,,,,,,,,
,pharmacy,,pharmacy,Whale Tail Pharmacy,,-133.140818,55.477113,,https://www.whaletailrx.com,,,,,,,,,,,,,,,,,,,,,,,,,,,,,,,,,,,,,,,,,,,,,,,,,,,,,,,,,,,,,,,,,,,,,,,
,doctors,,doctor,Orthopedic Physicians Of Alaska,Mo-Fr 07:30-18:00,-149.8088364,61.1870287,,,,,,orthopaedics,,,,,,,,,,,,,,,,,,,,,,,,,,,,,,,,,,,,,,,,,,,,,,,,,,,,,,,,,,,,,,,,,,,
,clinic,,clinic,Providence Family Medicine,,-149.8603723,61.1884788,,,,,,general,,,,,,,,,,,,,,,,,,,,,,,,,,,,,,,,,,,,,,,,,,,,,,,,,,,,,,,,,,,,,,,,,,,
Front Street,pharmacy,,pharmacy,Juneau Drug Store,"Mo-Fr 10:00-18:00 open ""Pharmacy"" || Mo-Fr 09:00-19:00 open ""Store"", Sa-Su 10:00-18:00 open ""Store""",-134.407223,58.3007013,Juneau,,,,,,,,,,,,,,,,,,,,,,,,,,,,,yes,,,,,,,,,,,,,,juneaudrug@hotmail.com,,,,,,,,,,,,,no,,,,,,,,,,,,,https://www.facebook.com/juneaudrugco/,,,
,pharmacy,,pharmacy,Carrs Pharmacy,,-149.8708391,61.1937805,,https://local.pharmacy.carrsqc.com/ak/anchorage/2920-seward-hwy.html,,,,,,,,,,,,,,,,,,,,,,,Carrs,Q5046735,,,,,,,,,,,,,,,,,,,,,,,,,,,,,,,,,,,,,,,,,,,,,,,
,clinic,,clinic,Providence express care,,-149.8706462,61.1941283,,,,,,,,,,,,,,,,,,,,,,,,,,,,,,,,,,,,,,,,,,,,,,,,,,,,,,,,,,,,,,,,,,,,,,,,,
,doctors,,doctor,Anchorage Dermatology and Cosmetics,,-149.8711683,61.1467129,,,,,,dermatology,,,,,,,,,,,,,,,,,,,,,,,,,,,,,,,,,,,,,,,,,,,,,,,,,,,,,,,,,,,,,,,,,,,
,clinic,,dialysis,Liberty Dialysis,,-149.8653962,61.1457085,,,,,,nephrology,,,,,,,,,,,,,,,,,,,,,,,,,,,,,,,,,,,,,,,,,,,,,,,,,,,,,,,,,,,,,,,,,,,
,doctors,,doctor,Don Davis,,-149.881425,61.1458845,,,,,,ophthalmology,,,,,,,,,,,,,,,,,,,,,,,,,,,,,,,,,,,,,,,,,,,,,,,,,,,,,,,,,,,,,,,,,,,
,clinic,,clinic,Alaska Urgent Care,,-149.8767714,61.1439792,,,,,,,,,,,,,,,,,,,,,,,,,,,,,,,,,,,,,,,,,,,,,,,,,,,,,,,,,,,,,,,,,,,,,,,,,
,clinic,,clinic,Wellness Center,,-156.7919946,71.2906944,,,,,,,,,,,,,,,,,,,,,,,,,,,,,,,,,,,,,,,,,,,,,,,,,,,,,,,,,,,,,,,,,,,,,,,,,
,pharmacy,,pharmacy,Walgreens,,-149.8552492,61.1083021,,,,,,,,,,,,,,,,,,,,,,,,,Walgreens,Q1591889,,,,,,,,,,,,,,,,,,,,,,,,,,,,,,,,,,,,,,,,,,,,,,,
,pharmacy,,pharmacy,Carrs Pharmacy,,-149.8539724,61.1091159,,,,,,,,,,,,,,,,,,,,,,,,,,,,,,,,,,,,,,,,,,,,,,,,,,,,,,,,,,,,,,,,,,,,,,,,,
,doctors,,doctor,Matthew Dow,,-149.8348858,61.1367711,,,,,,general,,,,,,,,,,,,,,,,,,,,,,,,,,,,,,,,,,,,,,,,,,,,,,,,,,,,,,,,,,,,,,,,,,,
,doctors,,doctor,Christina Brown,,-149.8480072,61.1378483,,,,,,general,,,,,,,,,,,,,,,,,,,,,,,,,,,,,,,,,,,,,,,,,,,,,,,,,,,,,,,,,,,,,,,,,,,
,clinic,,clinic,Advanced Pain Center-Alaska,,-149.844295,61.1400544,,,,,,,,,,,,,,,,,,,,,,,,,,,,,,,,,,,,,,,,,,,,,,,,,,,,,,,,,,,,,,,,,,,,,,,,,
,pharmacy,,pharmacy,,,-149.8442467,61.1424545,,https://local.pharmacy.carrsqc.com/ak/anchorage/1725-abbott-rd.html,,,,,,,,,,,,,,,,,,,,,,,Carrs,Q5046735,,,,,,,,,,,,,,,,,,,,,,,,,,,,,,,,,,,,,,,,,,,,,24-08-2023,,
,doctors,,doctor,Pediatric Speech-Language Services,,-149.8341471,61.1814709,,,,,,,,,,,,,,,,,,,,,,,,,,,,,,,,,,,,,,,,,,,,,,,,,,,,,,,,,,,,,,,,,,,,,,,,,
,doctors,,doctor,Ability Group Pediatric Therapy,,-149.8337179,61.1814709,,,,,,physiatry,,,,,,,,,,,,,,,,,,,,,,,,,,,,,,,,,,,,,,,,,,,,,,,,,,,,,,,,,,,,,,,,,,,
,clinic,,dialysis,Fresenius Kidney Care Tudor Road Dialysis,,-149.8296262,61.1814402,,,,,,nephrology,,,,,,,,,,,,,,,Dialysis Clinic,,,,,,,,,,Q5270633,,,,,,,,,,,,,,,,,,,,,,,,,,,,,,,,,,,,,DCI,,,,,
,doctors,,doctor,Alaska OB/GYN,,-149.8391543,61.1812727,,,,,,gynaecology,,,,,,,,,,,,,,,,,,,,,,,,,,,,,,,,,,,,,,,,,,,,,,,,,,,,,,,,,,,,,,,,,,,
,doctors,,doctor,Caring for Women,Mo-Th 08:00-16:00; Fr 08:00-15:00,-149.8386654,61.1820958,,,,,,,,,,,,,,,,,,,,,,,,,,,,,,,,,,,,,,,,,,,,,,,,,,,,,,,,,,,,,,,,,,,,,,,,,
,pharmacy,,pharmacy,Lake Otis Medical Supply,,-149.8378083,61.1822863,,,,,,,,,,,,,,,,,,,,,,,,,,,,,,,,,,,,,,,,,,,,,,,,,,,,,,,,,,,,,,,,,,,,,,,,,
,pharmacy,,pharmacy,Bernie's Pharmacy,,-149.8400047,61.1828447,,,,,,,,,,,,,,,,,,,,,,,,,,,,,,,,,,,,,,,,,,,,,,,,,,,,,,,,,,,,,,,,,,,,,,,,,
,clinic,,clinic,PCA Urgent Care - Lake Otis,,-149.8408016,61.1829932,,,,,,,,,,,,,,,,,,,,,,,,,,,,,,,,,,,,,,,,,,,,,,,,,,,,,,,,,,,,,,,,,,,,,,,,,
,doctors,,doctor,Primary Care Associates: Glotfelty Beth,,-149.8401855,61.1831191,,,,,,,,,,,,,,,,,,,,,,,,,,,,,,,,,,,,,,,,,,,,,,,,,,,,,,,,,,,,,,,,,,,,,,,,,
,doctors,,doctor,Tara Wood,,-149.8402659,61.1830061,,,,,,,,,,,,,,,,,,,,,,,,,,,,,,,,,,,,,,,,,,,,,,,,,,,,,,,,,,,,,,,,,,,,,,,,,
,doctors,,doctor,Alaska Women's Advanced Pelvic Surgery & Urogynecology,,-149.8394154,61.183855,,,,,,,,,,,,,,,,,,,,,,,,,,,,,,,,,,,,,,,,,,,,,,,,,,,,,,,,,,,,,,,,,,,,,,,,,
,doctors,,doctor,Alaska Endodontics Specialists LLC,,-149.8371922,61.1841552,,,,,,,,,,,,,,,,,,,,,,,,,,,,,,,,,,,,,,,,,,,,,,,,,,,,,,,,,,,,,,,,,,,,,,,,,
,doctors,,doctor,OPA–Orthopedic Physicians Alaska,,-149.8376408,61.1856819,,,,,,orthopaedics,,,,,,,,,,,,,,,,,,,,,,,,,,,,,,,,,,,,,,,,,,,,,,,,,,,,,,,,,,,,,,,,,,,
,pharmacy,,pharmacy,Costco Pharmacy,,-149.8045032,61.2112621,,,,,,,,,,,,,,,,,,,,,,,,,Costco Pharmacy,Q715583,,,,,,,,,,,,,,,,,,,,,,,,,,,,,,,,,,,,,,,,,,,,,,,
,pharmacy,,pharmacy,Carrs Pharmacy,,-149.7767952,61.2081229,,https://local.pharmacy.carrsqc.com/ak/anchorage/5600-debarr-rd.html,,,,,,,,,,,,,,,,,,,,,,,Carrs,Q5046735,,,,,,,,,,,,,,,,,,,,,,,,,,,,,,,,,,,,,,,,,,,,,,,
,clinic,,clinic,YKHC Health Clinic,,-160.0661999,62.9066104,,,,,,,,,,,,,,,,,,,,,,,,,,,,,,,,,,,,,,,,,,,,,,,,,,,,,,,,,,,,,,,,,,,,,,,,,
,clinic,,clinic,,,-158.1130196,64.7346938,,,,,,,,,,,,,,,,,,,,,,,,,,,,,,,,,,,,,,,,,,,,,,,,,,,,,,,,,,,,,,,,,,,,,,,,,
,clinic,,clinic,,,-158.7254195,64.328724,,,,,,,,,,,,,,,,,,,,,,,,,,,,,,,,,,,,,,,,,,,,,,,,,,,,,,,,,,,,,,,,,,,,,,,,,
,clinic,,clinic,,,-160.1994357,62.6522662,,,,,,,,,,,,,,,,,,,,,,,,,,,,,,,,,,,,,,,,,,,,,,,,,,,,,,,,,,,,,,,,,,,,,,,,,
,clinic,,,Aerospace Medicine,,-149.8080696,61.242361,,,,,,Flight Medicine,,,,,,,,,,,,,,,,,,,,,,,,,,,,,,,,,,,,,,,,,,,,,,,,,,,,,,,,,,,,,,,,,,,
,pharmacy,,,JBER Satellite Pharmacy,Mo-Fr 08:00-17:00; ph off,-149.765792,61.2345733,,,,,,,,,,,,,,,,,,,,,,,,,,,,,,,,,,,,,,,,,,,,,,,,,,,,,,,,,,,,,,,,,,,,,,,,,
,doctors,,doctor,,,-149.877701,61.1452768,,,,,,,,,,,,,,,,,chiropractor,,,,,,,,,,,,,,,,,,,,,,,,,,,,,,,,,,,,,,,,,,,,,,,,,,,,,,,TRUE,
,doctors,,,Live Well Chiropractic,"Mo-Fr 09:00-13:00, 15:00-18:00",-149.88358,61.1803005,,,,,,,,,,,,,,,,,,,,,,,,,,,,,,,,,,,,,,,,,,,,,,,,,,,,,,,,,,,,,,,,,,,,,,,,,
,clinic,,clinic,Anchorage Fracture and Orthopedic Clinic,,-149.5646607,61.3408538,,,,,,,,,,,,,,,,,,,,,,,,,,,,,,,,,,,,,,,,,,,,,,,,,,,,,,,,,,,,,,,,,,,,,,,,,
,clinic,,clinic,Capstone Clinic,,-149.5643032,61.3407859,,,,,,,,,,,,,,,,,,,,,,,,,,,,,,,,,,,,,,,,,,,,,,,,,,,,,,,,,,,,,,,,,,,,,,,,,
,hospital,,hospital,,,-162.2961011,55.0484928,,,,,,,,,,,,,,,,,,,,,,,,,,,,,,,,,,,,,,,,,,,,,,,,,,,,,,,,,,,,,,,,,,,,,,,,,
East Northern Lights Boulevard,hospital,,,Northern Lights Imaging,Mo-Fr 08:00-18:00,-149.8409453,61.1949647,,https://nliak.com/,,,,,,,,,,,,,,,,,,,,,,,,,,,,,,,,,,,,,,,,,,,,,,,,,,,,,,,,,,,,,,,,,,,,,,,
,clinic,,clinic,,,-165.7737431,54.1344421,,,,,,,,,,,,,,,,,,,,,,,,,,,,,,,,,,,,,,,,,,,,,,,,,,,,,,,,,,,,,,,,,,,,,,,,,
Phillips Field Road,clinic,,clinic,VA Clinic,Mo-Fr 07:00-16:30; Sa-Su off,-147.7841034,64.8466694,Fairbanks,https://www.va.gov/alaska-health-care/locations/fairbanks-va-clinic/,,,,,,,,,,,,,,veteran,,,,,Veterans Health Administration,government,,,,,,,,,Q6580225,,,,,,,,,,,,,,,,,,,,,,,,,,,,,,,,,,,,,VA,,,,,VA
Chief William Drive,clinic,,clinic,Aurora Plastic & Hand Surgery,,-147.781793,64.8457219,Fairbanks,,,,,,,,,,,,,,,,,,,,,,,,,,,,,,,,100,,,,,,,,,,,,,,,,,,,,,,,,,,,,,,,,,,,,,,,,
