place_id,place_name,residential_units,confidence,any_tech_25mbps_pct,any_tech_100mbps_pct,wired_25mbps_pct,ngso_satellite_25mbps_pct,fiber_25mbps_pct,data_gaps,telehealth_viable,primary_access
200065,Adak,407,HIGH,1.0,1.0,0.0,1.0,0.0,SATELLITE_DEPENDENT,YES,SATELLITE
200650,Akhiok,47,LOW,1.0,1.0,0.0,1.0,0.0,SATELLITE_DEPENDENT;LOW_CONFIDENCE,YES,SATELLITE
200760,Akiachak,181,MEDIUM,1.0,1.0,0.0,1.0,0.0,SATELLITE_DEPENDENT,YES,SATELLITE
200870,Akiak,130,MEDIUM,1.0,1.0,0.0,1.0,0.0,SATELLITE_DEPENDENT,YES,SATELLITE
201090,Akutan,104,MEDIUM,1.0,1.0,0.980769231,1.0,0.980769231,NONE,YES,WIRED
201200,Alakanuk,225,HIGH,1.0,1.0,0.0,1.0,0.0,SATELLITE_DEPENDENT,YES,SATELLITE
201305,Alatna,23,LOW,1.0,1.0,0.0,1.0,0.0,SATELLITE_DEPENDENT;LOW_CONFIDENCE,YES,SATELLITE
201390,Alcan Border,22,LOW,1.0,1.0,0.0,1.0,0.0,SATELLITE_DEPENDENT;LOW_CONFIDENCE,YES,SATELLITE
201420,Aleknagik,197,MEDIUM,1.0,1.0,0.0,1.0,0.0,SATELLITE_DEPENDENT,YES,SATELLITE
201560,Aleneva,46,LOW,1.0,1.0,0.0,1.0,0.0,SATELLITE_DEPENDENT;LOW_CONFIDENCE,YES,SATELLITE
201860,Allakaket,135,MEDIUM,1.0,1.0,0.0,1.0,0.0,SATELLITE_DEPENDENT,YES,SATELLITE
201970,Ambler,227,HIGH,1.0,1.0,0.0,1.0,0.0,SATELLITE_DEPENDENT,YES,SATELLITE
202080,Anaktuvuk Pass,141,MEDIUM,1.0,1.0,0.0,1.0,0.0,SATELLITE_DEPENDENT,YES,SATELLITE
203000,Anchorage,136548,HIGH,1.0,1.0,0.972141664,1.0,0.056719981,NONE,YES,WIRED
203110,Anchor Point,1837,HIGH,1.0,1.0,0.005443658,1.0,0.005443658,LOW_TERRESTRIAL,YES,SATELLITE
203220,Anderson,258,HIGH,1.0,1.0,0.755813953,1.0,0.0,NONE,YES,WIRED
203440,Angoon,274,HIGH,1.0,1.0,0.908759124,1.0,0.0,NONE,YES,WIRED
203550,Aniak,349,HIGH,1.0,1.0,0.0,1.0,0.0,SATELLITE_DEPENDENT,YES,SATELLITE
203880,Anvik,99,MEDIUM,1.0,1.0,0.0,1.0,0.0,SATELLITE_DEPENDENT,YES,SATELLITE
203990,Arctic Village,161,MEDIUM,1.0,1.0,0.0,1.0,0.0,SATELLITE_DEPENDENT,YES,SATELLITE
204210,Atka,100,MEDIUM,1.0,1.0,0.0,1.0,0.0,SATELLITE_DEPENDENT,YES,SATELLITE
204430,Atmautluak,129,MEDIUM,1.0,1.0,0.0,1.0,0.0,SATELLITE_DEPENDENT,YES,SATELLITE
204500,Atqasuk,91,MEDIUM,1.0,1.0,0.802197802,1.0,0.802197802,NONE,YES,WIRED
204670,Attu Station,3,LOW,1.0,1.0,0.0,1.0,0.0,SATELLITE_DEPENDENT;LOW_CONFIDENCE,YES,SATELLITE
205000,Badger,9812,HIGH,1.0,1.0,0.845189564,1.0,0.003872809,NONE,YES,WIRED
205585,Bear Creek,1082,HIGH,1.0,1.0,0.982439926,1.0,0.002772643,NONE,YES,WIRED
205750,Beaver,81,MEDIUM,1.0,1.0,0.0,1.0,0.0,SATELLITE_DEPENDENT,YES,SATELLITE
206245,Beluga,76,MEDIUM,1.0,1.0,0.0,1.0,0.0,SATELLITE_DEPENDENT,YES,SATELLITE
206520,Bethel,2128,HIGH,1.0,1.0,0.972274436,1.0,0.0,NONE,YES,WIRED
206630,Bettles,56,MEDIUM,1.0,1.0,0.0,1.0,0.0,SATELLITE_DEPENDENT,YES,SATELLITE
206850,Big Delta,523,HIGH,1.0,1.0,0.003824092,1.0,0.0,LOW_TERRESTRIAL,YES,SATELLITE
207070,Big Lake,3274,HIGH,1.0,1.0,0.562614539,1.0,0.062614539,NONE,YES,WIRED
207620,Birch Creek,40,LOW,1.0,1.0,0.0,1.0,0.0,SATELLITE_DEPENDENT;LOW_CONFIDENCE,YES,SATELLITE
208740,Brevig Mission,153,MEDIUM,1.0,1.0,0.0,1.0,0.0,SATELLITE_DEPENDENT,YES,SATELLITE
209600,Buckland,160,MEDIUM,1.0,1.0,0.0,1.0,0.0,SATELLITE_DEPENDENT,YES,SATELLITE
209657,Buffalo Soapstone,495,HIGH,1.0,1.0,0.650505051,1.0,0.161616162,NONE,YES,WIRED
209710,Butte,1646,HIGH,1.0,1.0,0.933778858,1.0,0.188335358,NONE,YES,WIRED
210150,Cantwell,229,HIGH,1.0,1.0,0.637554585,1.0,0.0,NONE,YES,WIRED
211690,Central,150,MEDIUM,1.0,1.0,0.0,1.0,0.0,SATELLITE_DEPENDENT,YES,SATELLITE
211800,Chalkyitsik,110,MEDIUM,1.0,1.0,0.0,1.0,0.0,SATELLITE_DEPENDENT,YES,SATELLITE
212350,Chase,156,MEDIUM,1.0,1.0,0.0,1.0,0.0,SATELLITE_DEPENDENT,YES,SATELLITE
212680,Chefornak,129,MEDIUM,1.0,1.0,0.0,1.0,0.0,SATELLITE_DEPENDENT,YES,SATELLITE
212920,Chena Ridge,3345,HIGH,1.0,1.0,0.746487294,1.0,0.072346786,NONE,YES,WIRED
212970,Chenega,70,MEDIUM,1.0,1.0,0.0,1.0,0.0,SATELLITE_DEPENDENT,YES,SATELLITE
213230,Chevak,359,HIGH,1.0,1.0,0.0,1.0,0.0,SATELLITE_DEPENDENT,YES,SATELLITE
213340,Chickaloon,305,HIGH,1.0,1.0,0.4,1.0,0.032786885,LOW_TERRESTRIAL,YES,SATELLITE
213450,Chicken,28,LOW,1.0,1.0,0.0,1.0,0.0,SATELLITE_DEPENDENT;LOW_CONFIDENCE,YES,SATELLITE
213550,Chignik,185,MEDIUM,1.0,1.0,0.994594595,1.0,0.994594595,NONE,YES,WIRED
213670,Chignik Lagoon,188,MEDIUM,1.0,1.0,0.0,1.0,0.0,SATELLITE_DEPENDENT,YES,SATELLITE
213780,Chignik Lake,74,MEDIUM,1.0,1.0,0.0,1.0,0.0,SATELLITE_DEPENDENT,YES,SATELLITE
213860,Chiniak,34,LOW,1.0,1.0,0.0,1.0,0.0,SATELLITE_DEPENDENT;LOW_CONFIDENCE,YES,SATELLITE
213890,Chisana,2,LOW,1.0,1.0,0.0,1.0,0.0,SATELLITE_DEPENDENT;LOW_CONFIDENCE,YES,SATELLITE
214000,Chistochina,140,MEDIUM,1.0,1.0,0.992857143,1.0,0.992857143,NONE,YES,WIRED
214110,Chitina,137,MEDIUM,1.0,1.0,0.613138686,1.0,0.613138686,NONE,YES,WIRED
214330,Chuathbaluk,54,MEDIUM,1.0,1.0,0.0,1.0,0.0,SATELLITE_DEPENDENT,YES,SATELLITE
214880,Circle,53,MEDIUM,1.0,1.0,0.0,1.0,0.0,SATELLITE_DEPENDENT,YES,SATELLITE
215320,Clam Gulch,209,HIGH,1.0,1.0,0.0,1.0,0.0,SATELLITE_DEPENDENT,YES,SATELLITE
215430,Clark's Point,102,MEDIUM,1.0,1.0,0.0,1.0,0.0,SATELLITE_DEPENDENT,YES,SATELLITE
216360,Coffman Cove,314,HIGH,1.0,1.0,0.601910828,1.0,0.601910828,NONE,YES,WIRED
216420,Cohoe,1289,HIGH,1.0,1.0,0.0,1.0,0.0,SATELLITE_DEPENDENT,YES,SATELLITE
216530,Cold Bay,134,MEDIUM,1.0,1.0,0.0,1.0,0.0,SATELLITE_DEPENDENT,YES,SATELLITE
216630,Coldfoot,41,LOW,1.0,1.0,0.0,1.0,0.0,SATELLITE_DEPENDENT;LOW_CONFIDENCE,YES,SATELLITE
216750,College,6673,HIGH,1.0,1.0,0.879064888,1.0,0.128577851,NONE,YES,WIRED
217190,Cooper Landing,455,HIGH,1.0,1.0,0.879120879,1.0,0.0,NONE,YES,WIRED
217300,Copper Center,384,HIGH,1.0,1.0,0.953125,1.0,0.953125,NONE,YES,WIRED
217410,Cordova,1290,HIGH,1.0,1.0,0.953488372,1.0,0.027131783,NONE,YES,WIRED
217670,Covenant Life,24,LOW,1.0,1.0,0.0,1.0,0.0,SATELLITE_DEPENDENT;LOW_CONFIDENCE,YES,SATELLITE
217740,Craig,577,HIGH,1.0,1.0,0.887348354,1.0,0.672443674,NONE,YES,WIRED
217850,Crooked Creek,40,LOW,1.0,1.0,0.0,1.0,0.0,SATELLITE_DEPENDENT;LOW_CONFIDENCE,YES,SATELLITE
217960,Crown Point,55,MEDIUM,1.0,1.0,0.745454545,1.0,0.0,NONE,YES,WIRED
218510,Deering,112,MEDIUM,1.0,1.0,1.0,1.0,1.0,NONE,YES,WIRED
218620,Delta Junction,1102,HIGH,1.0,1.0,0.029945554,1.0,0.005444646,LOW_TERRESTRIAL,YES,SATELLITE
218675,Deltana,1816,HIGH,1.0,1.0,0.0,1.0,0.0,SATELLITE_DEPENDENT,YES,SATELLITE
218805,Denali Park,409,HIGH,1.0,1.0,0.442542787,1.0,0.034229829,LOW_TERRESTRIAL,YES,SATELLITE
218925,Diamond Ridge,850,HIGH,1.0,1.0,0.065882353,1.0,0.008235294,LOW_TERRESTRIAL,YES,SATELLITE
218950,Dillingham,944,HIGH,1.0,1.0,0.0,1.0,0.0,SATELLITE_DEPENDENT,YES,SATELLITE
219060,Diomede,8,LOW,1.0,1.0,0.0,1.0,0.0,SATELLITE_DEPENDENT;LOW_CONFIDENCE,YES,SATELLITE
219720,Dot Lake,26,LOW,1.0,1.0,0.5,1.0,0.153846154,LOW_CONFIDENCE,YES,SATELLITE
219750,Dot Lake Village,19,LOW,1.0,1.0,0.631578947,1.0,0.421052632,LOW_CONFIDENCE,YES,WIRED
220020,Dry Creek,9,LOW,1.0,1.0,0.0,1.0,0.0,SATELLITE_DEPENDENT;LOW_CONFIDENCE,YES,SATELLITE
220380,Eagle,207,HIGH,1.0,1.0,0.0,1.0,0.0,SATELLITE_DEPENDENT,YES,SATELLITE
220600,Eagle Village,101,MEDIUM,1.0,1.0,0.0,1.0,0.0,SATELLITE_DEPENDENT,YES,SATELLITE
220716,Eareckson Station,1,LOW,1.0,1.0,0.0,1.0,0.0,SATELLITE_DEPENDENT;LOW_CONFIDENCE,YES,SATELLITE
220970,Edna Bay,87,MEDIUM,1.0,1.0,0.0,1.0,0.0,SATELLITE_DEPENDENT,YES,SATELLITE
221040,Eek,138,MEDIUM,1.0,1.0,0.0,1.0,0.0,SATELLITE_DEPENDENT,YES,SATELLITE
221150,Egegik,249,HIGH,1.0,1.0,0.0,1.0,0.0,SATELLITE_DEPENDENT,YES,SATELLITE
221370,Eielson AFB,829,HIGH,1.0,1.0,0.0,1.0,0.0,SATELLITE_DEPENDENT,YES,SATELLITE
221810,Ekwok,77,MEDIUM,1.0,1.0,0.0,1.0,0.0,SATELLITE_DEPENDENT,YES,SATELLITE
222140,Elfin Cove,43,LOW,1.0,1.0,0.0,1.0,0.0,SATELLITE_DEPENDENT;LOW_CONFIDENCE,YES,SATELLITE
222250,Elim,146,MEDIUM,1.0,1.0,0.0,1.0,0.0,SATELLITE_DEPENDENT,YES,SATELLITE
222910,Emmonak,374,HIGH,1.0,1.0,0.0,1.0,0.0,SATELLITE_DEPENDENT,YES,SATELLITE
223460,Ester,1348,HIGH,1.0,1.0,0.628338279,1.0,0.0,NONE,YES,WIRED
223720,Eureka Roadhouse,100,MEDIUM,1.0,1.0,0.22,1.0,0.21,LOW_TERRESTRIAL,YES,SATELLITE
223790,Evansville,52,MEDIUM,1.0,1.0,0.0,1.0,0.0,SATELLITE_DEPENDENT,YES,SATELLITE
223900,Excursion Inlet,66,MEDIUM,1.0,1.0,0.0,1.0,0.0,SATELLITE_DEPENDENT,YES,SATELLITE
224230,Fairbanks,16766,HIGH,1.0,1.0,0.970893475,1.0,0.305081713,NONE,YES,WIRED
224660,False Pass,75,MEDIUM,1.0,1.0,0.0,1.0,0.0,SATELLITE_DEPENDENT,YES,SATELLITE
224980,Farmers Loop,2742,HIGH,1.0,1.0,0.740700219,1.0,0.001458789,NONE,YES,WIRED
225000,Farm Loop,1053,HIGH,1.0,1.0,0.952516619,1.0,0.295346629,NONE,YES,WIRED
225220,Ferry,40,LOW,1.0,1.0,0.0,1.0,0.0,SATELLITE_DEPENDENT;LOW_CONFIDENCE,YES,SATELLITE
225550,Fishhook,2343,HIGH,1.0,1.0,0.920187793,1.0,0.663679044,NONE,YES,WIRED
225880,Flat,25,LOW,1.0,1.0,0.0,1.0,0.0,SATELLITE_DEPENDENT;LOW_CONFIDENCE,YES,SATELLITE
226760,Fort Yukon,517,HIGH,1.0,1.0,0.0,1.0,0.0,SATELLITE_DEPENDENT,YES,SATELLITE
226835,Four Mile Road,32,LOW,1.0,1.0,0.0,1.0,0.0,SATELLITE_DEPENDENT;LOW_CONFIDENCE,YES,SATELLITE
226870,Fox,395,HIGH,1.0,1.0,0.35443038,1.0,0.0,LOW_TERRESTRIAL,YES,SATELLITE
226910,Fox River,336,HIGH,1.0,1.0,0.12202381,1.0,0.0,LOW_TERRESTRIAL,YES,SATELLITE
227090,Fritz Creek,1489,HIGH,1.0,1.0,0.0,1.0,0.0,SATELLITE_DEPENDENT,YES,SATELLITE
227145,Funny River,1235,HIGH,1.0,1.0,0.001619433,1.0,0.000809717,LOW_TERRESTRIAL,YES,SATELLITE
227420,Gakona,267,HIGH,1.0,1.0,0.992509363,1.0,0.992509363,NONE,YES,WIRED
227530,Galena,686,HIGH,1.0,1.0,0.0,1.0,0.0,SATELLITE_DEPENDENT,YES,SATELLITE
227640,Gambell,265,HIGH,1.0,1.0,0.0,1.0,0.0,SATELLITE_DEPENDENT,YES,SATELLITE
227700,Game Creek,11,LOW,1.0,1.0,0.0,1.0,0.0,SATELLITE_DEPENDENT;LOW_CONFIDENCE,YES,SATELLITE
228200,Gateway,2449,HIGH,1.0,1.0,0.94283381,1.0,0.323805635,NONE,YES,WIRED
228590,Glacier View,323,HIGH,1.0,1.0,0.371517028,1.0,0.287925697,LOW_TERRESTRIAL,YES,SATELLITE
228740,Glennallen,487,HIGH,1.0,1.0,0.967145791,1.0,0.965092402,NONE,YES,WIRED
229130,Goldstream,2152,HIGH,1.0,1.0,0.244888476,1.0,0.0,LOW_TERRESTRIAL,YES,SATELLITE
229180,Golovin,132,MEDIUM,1.0,1.0,0.0,1.0,0.0,SATELLITE_DEPENDENT,YES,SATELLITE
229290,Goodnews Bay,113,MEDIUM,1.0,1.0,0.0,1.0,0.0,SATELLITE_DEPENDENT,YES,SATELLITE
230060,Grayling,106,MEDIUM,1.0,1.0,0.0,1.0,0.0,SATELLITE_DEPENDENT,YES,SATELLITE
230500,Gulkana,79,MEDIUM,1.0,1.0,0.936708861,1.0,0.936708861,NONE,YES,WIRED
230940,Gustavus,761,HIGH,1.0,1.0,0.813403417,1.0,0.813403417,NONE,YES,WIRED
231050,Haines,1212,HIGH,1.0,1.0,0.838283828,1.0,0.828382838,NONE,YES,WIRED
231270,Halibut Cove,157,MEDIUM,1.0,1.0,0.0,1.0,0.0,SATELLITE_DEPENDENT,YES,SATELLITE
231710,Happy Valley,763,HIGH,1.0,1.0,0.001310616,1.0,0.001310616,LOW_TERRESTRIAL,YES,SATELLITE
231765,Harding-Birch Lakes,798,HIGH,1.0,1.0,0.268170426,1.0,0.0,LOW_TERRESTRIAL,YES,SATELLITE
232150,Healy,822,HIGH,1.0,1.0,0.459854015,1.0,0.276155718,LOW_TERRESTRIAL,YES,SATELLITE
232310,Healy Lake,10,LOW,1.0,1.0,0.0,1.0,0.0,SATELLITE_DEPENDENT;LOW_CONFIDENCE,YES,SATELLITE
232550,Hobart Bay,7,LOW,1.0,1.0,0.0,1.0,0.0,SATELLITE_DEPENDENT;LOW_CONFIDENCE,YES,SATELLITE
232810,Hollis,83,MEDIUM,1.0,1.0,0.542168675,1.0,0.397590361,NONE,YES,WIRED
233030,Holy Cross,153,MEDIUM,1.0,1.0,0.0,1.0,0.0,SATELLITE_DEPENDENT,YES,SATELLITE
233140,Homer,3928,HIGH,1.0,1.0,0.775712831,1.0,0.000254582,NONE,YES,WIRED
233360,Hoonah,625,HIGH,1.0,1.0,0.0,1.0,0.0,SATELLITE_DEPENDENT,YES,SATELLITE
233470,Hooper Bay,292,HIGH,1.0,1.0,0.0,1.0,0.0,SATELLITE_DEPENDENT,YES,SATELLITE
233580,Hope,237,HIGH,1.0,1.0,0.23628692,1.0,0.0,LOW_TERRESTRIAL,YES,SATELLITE
233800,Houston,1154,HIGH,1.0,1.0,0.649046794,1.0,0.180242634,NONE,YES,WIRED
233910,Hughes,83,MEDIUM,1.0,1.0,0.0,1.0,0.0,SATELLITE_DEPENDENT,YES,SATELLITE
234350,Huslia,213,HIGH,1.0,1.0,0.0,1.0,0.0,SATELLITE_DEPENDENT,YES,SATELLITE
234460,Hydaburg,171,MEDIUM,1.0,1.0,0.923976608,1.0,0.315789474,NONE,YES,WIRED
234570,Hyder,71,MEDIUM,1.0,1.0,0.0,1.0,0.0,SATELLITE_DEPENDENT,YES,SATELLITE
234790,Igiugig,91,MEDIUM,1.0,1.0,0.0,1.0,0.0,SATELLITE_DEPENDENT,YES,SATELLITE
235120,Iliamna,186,MEDIUM,1.0,1.0,0.0,1.0,0.0,SATELLITE_DEPENDENT,YES,SATELLITE
235890,Ivanof Bay,28,LOW,1.0,1.0,0.0,1.0,0.0,SATELLITE_DEPENDENT;LOW_CONFIDENCE,YES,SATELLITE
236400,Juneau,16939,HIGH,1.0,1.0,0.973965405,1.0,0.00726135,NONE,YES,WIRED
236540,Kachemak,361,HIGH,1.0,1.0,0.36565097,1.0,0.0,LOW_TERRESTRIAL,YES,SATELLITE
236770,Kake,387,HIGH,1.0,1.0,0.0,1.0,0.0,SATELLITE_DEPENDENT,YES,SATELLITE
236990,Kaktovik,128,MEDIUM,1.0,1.0,0.0,1.0,0.0,SATELLITE_DEPENDENT,YES,SATELLITE
237250,Kalifornsky,4907,HIGH,1.0,1.0,0.335031588,1.0,0.015080497,LOW_TERRESTRIAL,YES,SATELLITE
237430,Kaltag,145,MEDIUM,1.0,1.0,0.0,1.0,0.0,SATELLITE_DEPENDENT,YES,SATELLITE
237540,Karluk,51,MEDIUM,1.0,1.0,0.0,1.0,0.0,SATELLITE_DEPENDENT,YES,SATELLITE
237650,Kasaan,84,MEDIUM,1.0,1.0,0.666666667,1.0,0.666666667,NONE,YES,WIRED
237975,Kasigluk,168,MEDIUM,1.0,1.0,0.0,1.0,0.0,SATELLITE_DEPENDENT,YES,SATELLITE
238090,Kasilof,374,HIGH,1.0,1.0,0.026737968,1.0,0.002673797,LOW_TERRESTRIAL,YES,SATELLITE
238420,Kenai,3819,HIGH,1.0,1.0,0.863838701,1.0,0.000261849,NONE,YES,WIRED
238910,Kenny Lake,387,HIGH,1.0,1.0,0.989664083,1.0,0.989664083,NONE,YES,WIRED
238970,Ketchikan,4747,HIGH,1.0,1.0,1.0,1.0,0.997682747,NONE,YES,WIRED
239300,Kiana,238,HIGH,1.0,1.0,0.0,1.0,0.0,SATELLITE_DEPENDENT,YES,SATELLITE
239410,King Cove,329,HIGH,1.0,1.0,0.96656535,1.0,0.96656535,NONE,YES,WIRED
239630,King Salmon,336,HIGH,1.0,1.0,0.020833333,1.0,0.0,LOW_TERRESTRIAL,YES,SATELLITE
239740,Kipnuk,244,HIGH,1.0,1.0,0.0,1.0,0.0,SATELLITE_DEPENDENT,YES,SATELLITE
239960,Kivalina,122,MEDIUM,1.0,1.0,1.0,1.0,1.0,NONE,YES,WIRED
240400,Klawock,506,HIGH,1.0,1.0,0.679841897,1.0,0.679841897,NONE,YES,WIRED
240510,Klukwan,103,MEDIUM,1.0,1.0,1.0,1.0,0.0,NONE,YES,WIRED
240645,Knik-Fairview,8430,HIGH,1.0,1.0,0.941874259,1.0,0.372479241,NONE,YES,WIRED
240670,Knik River,427,HIGH,1.0,1.0,0.784543326,1.0,0.203747073,NONE,YES,WIRED
240840,Kobuk,106,MEDIUM,1.0,1.0,0.0,1.0,0.0,SATELLITE_DEPENDENT,YES,SATELLITE
240950,Kodiak,2568,HIGH,1.0,1.0,0.992601246,1.0,0.000778816,NONE,YES,WIRED
241210,Kodiak Station,798,HIGH,1.0,1.0,0.893483709,1.0,0.0,NONE,YES,WIRED
241280,Kokhanok,117,MEDIUM,1.0,1.0,0.0,1.0,0.0,SATELLITE_DEPENDENT,YES,SATELLITE
241500,Koliganek,99,MEDIUM,1.0,1.0,0.0,1.0,0.0,SATELLITE_DEPENDENT,YES,SATELLITE
241610,Kongiganak,197,MEDIUM,1.0,1.0,0.0,1.0,0.0,SATELLITE_DEPENDENT,YES,SATELLITE
241720,Kotlik,178,MEDIUM,1.0,1.0,0.0,1.0,0.0,SATELLITE_DEPENDENT,YES,SATELLITE
241830,Kotzebue,974,HIGH,1.0,1.0,0.960985626,1.0,0.0,NONE,YES,WIRED
241940,Koyuk,86,MEDIUM,1.0,1.0,0.0,1.0,0.0,SATELLITE_DEPENDENT,YES,SATELLITE
242050,Koyukuk,79,MEDIUM,1.0,1.0,0.0,1.0,0.0,SATELLITE_DEPENDENT,YES,SATELLITE
242160,Kupreanof,18,LOW,1.0,1.0,0.0,1.0,0.0,SATELLITE_DEPENDENT;LOW_CONFIDENCE,YES,SATELLITE
242380,Kwethluk,239,HIGH,1.0,1.0,0.0,1.0,0.0,SATELLITE_DEPENDENT,YES,SATELLITE
242490,Kwigillingok,407,HIGH,1.0,1.0,0.0,1.0,0.0,SATELLITE_DEPENDENT,YES,SATELLITE
242805,Lake Louise,159,MEDIUM,1.0,1.0,0.0,1.0,0.0,SATELLITE_DEPENDENT,YES,SATELLITE
242820,Lake Minchumina,42,LOW,1.0,1.0,0.0,1.0,0.0,SATELLITE_DEPENDENT;LOW_CONFIDENCE,YES,SATELLITE
243040,Larsen Bay,153,MEDIUM,1.0,1.0,0.875816993,1.0,0.875816993,NONE,YES,WIRED
243260,Lazy Mountain,719,HIGH,1.0,1.0,0.694019471,1.0,0.144645341,NONE,YES,WIRED
243810,Levelock,86,MEDIUM,1.0,1.0,0.0,1.0,0.0,SATELLITE_DEPENDENT,YES,SATELLITE
244030,Lime Village,29,LOW,1.0,1.0,0.0,1.0,0.0,SATELLITE_DEPENDENT;LOW_CONFIDENCE,YES,SATELLITE
244580,Livengood,95,MEDIUM,1.0,1.0,0.357894737,1.0,0.0,LOW_TERRESTRIAL,YES,SATELLITE
245020,Loring,5,LOW,1.0,1.0,0.0,1.0,0.0,SATELLITE_DEPENDENT;LOW_CONFIDENCE,YES,SATELLITE
245295,Lowell Point,74,MEDIUM,1.0,1.0,0.810810811,1.0,0.027027027,NONE,YES,WIRED
245460,Lower Kalskag,103,MEDIUM,1.0,1.0,0.0,1.0,0.0,SATELLITE_DEPENDENT,YES,SATELLITE
245700,Lutak,47,LOW,1.0,1.0,0.893617021,1.0,0.893617021,LOW_CONFIDENCE,YES,WIRED
245790,McCarthy,328,HIGH,1.0,1.0,0.0,1.0,0.0,SATELLITE_DEPENDENT,YES,SATELLITE
246010,McGrath,366,HIGH,1.0,1.0,0.0,1.0,0.0,SATELLITE_DEPENDENT,YES,SATELLITE
246780,Manley Hot Springs,186,MEDIUM,1.0,1.0,0.0,1.0,0.0,SATELLITE_DEPENDENT,YES,SATELLITE
246890,Manokotak,187,MEDIUM,1.0,1.0,0.0,1.0,0.0,SATELLITE_DEPENDENT,YES,SATELLITE
247000,Marshall,250,HIGH,1.0,1.0,0.0,1.0,0.0,SATELLITE_DEPENDENT,YES,SATELLITE
247735,Meadow Lakes,4732,HIGH,1.0,1.0,0.912087912,1.0,0.576500423,NONE,YES,WIRED
247990,Mekoryuk,134,MEDIUM,1.0,1.0,0.0,1.0,0.0,SATELLITE_DEPENDENT,YES,SATELLITE
248200,Mendeltna,61,MEDIUM,1.0,1.0,0.803278689,1.0,0.803278689,NONE,YES,WIRED
248540,Mentasta Lake,107,MEDIUM,1.0,1.0,0.719626168,1.0,0.719626168,NONE,YES,WIRED
248590,Mertarvik,15,LOW,1.0,1.0,0.0,1.0,0.0,SATELLITE_DEPENDENT;LOW_CONFIDENCE,YES,SATELLITE
248870,Metlakatla,611,HIGH,1.0,1.0,0.955810147,1.0,0.029459902,NONE,YES,WIRED
249200,Mill Bay,1666,HIGH,1.0,1.0,0.99759904,1.0,0.0,NONE,YES,WIRED
249530,Minto,132,MEDIUM,1.0,1.0,0.0,1.0,0.0,SATELLITE_DEPENDENT,YES,SATELLITE
250080,Moose Creek,331,HIGH,1.0,1.0,0.987915408,1.0,0.0,NONE,YES,WIRED
250190,Moose Pass,179,MEDIUM,1.0,1.0,0.832402235,1.0,0.0,NONE,YES,WIRED
250800,Mosquito Lake,173,MEDIUM,1.0,1.0,0.10982659,1.0,0.0,LOW_TERRESTRIAL,YES,SATELLITE
251180,Mountain Village,255,HIGH,1.0,1.0,0.0,1.0,0.0,SATELLITE_DEPENDENT,YES,SATELLITE
251455,Mud Bay,135,MEDIUM,1.0,1.0,0.681481481,1.0,0.0,NONE,YES,WIRED
251960,Nabesna,16,LOW,1.0,1.0,0.0,1.0,0.0,SATELLITE_DEPENDENT;LOW_CONFIDENCE,YES,SATELLITE
252060,Naknek,586,HIGH,1.0,1.0,0.020477816,1.0,0.0,LOW_TERRESTRIAL,YES,SATELLITE
252210,Nanwalek,64,MEDIUM,1.0,1.0,0.0,1.0,0.0,SATELLITE_DEPENDENT,YES,SATELLITE
252390,Napakiak,195,MEDIUM,1.0,1.0,0.0,1.0,0.0,SATELLITE_DEPENDENT,YES,SATELLITE
252720,Napaskiak,186,MEDIUM,1.0,1.0,0.0,1.0,0.0,SATELLITE_DEPENDENT,YES,SATELLITE
252845,Naukati Bay,148,MEDIUM,1.0,1.0,0.621621622,1.0,0.0,NONE,YES,WIRED
252915,Nelchina,89,MEDIUM,1.0,1.0,0.898876404,1.0,0.865168539,NONE,YES,WIRED
252940,Nelson Lagoon,56,MEDIUM,1.0,1.0,0.0,1.0,0.0,SATELLITE_DEPENDENT,YES,SATELLITE
253050,Nenana,383,HIGH,1.0,1.0,0.402088773,1.0,0.0,LOW_TERRESTRIAL,YES,SATELLITE
253270,Newhalen,97,MEDIUM,1.0,1.0,0.0,1.0,0.0,SATELLITE_DEPENDENT,YES,SATELLITE
253710,New Stuyahok,142,MEDIUM,1.0,1.0,0.0,1.0,0.0,SATELLITE_DEPENDENT,YES,SATELLITE
253820,Newtok,98,MEDIUM,1.0,1.0,0.0,1.0,0.0,SATELLITE_DEPENDENT,YES,SATELLITE
253930,Nightmute,95,MEDIUM,1.0,1.0,0.0,1.0,0.0,SATELLITE_DEPENDENT,YES,SATELLITE
254050,Nikiski,3019,HIGH,1.0,1.0,0.016893011,1.0,0.00298112,LOW_TERRESTRIAL,YES,SATELLITE
254085,Nikolaevsk,233,HIGH,1.0,1.0,0.0,1.0,0.0,SATELLITE_DEPENDENT,YES,SATELLITE
254150,Nikolai,70,MEDIUM,1.0,1.0,0.0,1.0,0.0,SATELLITE_DEPENDENT,YES,SATELLITE
254260,Nikolski,43,LOW,1.0,1.0,0.0,1.0,0.0,SATELLITE_DEPENDENT;LOW_CONFIDENCE,YES,SATELLITE
254480,Ninilchik,1248,HIGH,1.0,1.0,0.003205128,1.0,0.003205128,LOW_TERRESTRIAL,YES,SATELLITE
254700,Noatak,206,HIGH,1.0,1.0,0.0,1.0,0.0,SATELLITE_DEPENDENT,YES,SATELLITE
254920,Nome,1378,HIGH,1.0,1.0,0.994920174,1.0,0.0,NONE,YES,WIRED
255030,Nondalton,161,MEDIUM,1.0,1.0,0.0,1.0,0.0,SATELLITE_DEPENDENT,YES,SATELLITE
255140,Noorvik,283,HIGH,1.0,1.0,0.0,1.0,0.0,SATELLITE_DEPENDENT,YES,SATELLITE
255745,North Lakes,4179,HIGH,1.0,1.0,0.978463747,1.0,0.365398421,NONE,YES,WIRED
255910,North Pole,1451,HIGH,1.0,1.0,0.908339076,1.0,0.0,NONE,YES,WIRED
256220,Northway,163,MEDIUM,1.0,1.0,0.0,1.0,0.0,SATELLITE_DEPENDENT,YES,SATELLITE
256320,Nuiqsut,160,MEDIUM,1.0,1.0,0.8125,1.0,0.8125,NONE,YES,WIRED
256350,Nulato,192,MEDIUM,1.0,1.0,0.0,1.0,0.0,SATELLITE_DEPENDENT,YES,SATELLITE
256600,Nunam Iqua,75,MEDIUM,1.0,1.0,0.0,1.0,0.0,SATELLITE_DEPENDENT,YES,SATELLITE
256680,Nunapitchuk,250,HIGH,1.0,1.0,0.0,1.0,0.0,SATELLITE_DEPENDENT,YES,SATELLITE
257340,Old Harbor,138,MEDIUM,1.0,1.0,0.0,1.0,0.0,SATELLITE_DEPENDENT,YES,SATELLITE
258330,Oscarville,15,LOW,1.0,1.0,0.0,1.0,0.0,SATELLITE_DEPENDENT;LOW_CONFIDENCE,YES,SATELLITE
258550,Ouzinkie,107,MEDIUM,1.0,1.0,0.990654206,1.0,0.990654206,NONE,YES,WIRED
258660,Palmer,3072,HIGH,1.0,1.0,0.958984375,1.0,0.090820313,NONE,YES,WIRED
259320,Paxson,211,HIGH,1.0,1.0,0.236966825,1.0,0.236966825,LOW_TERRESTRIAL,YES,SATELLITE
259540,Pedro Bay,80,MEDIUM,1.0,1.0,0.0,1.0,0.0,SATELLITE_DEPENDENT,YES,SATELLITE
259650,Pelican,102,MEDIUM,1.0,1.0,0.0,1.0,0.0,SATELLITE_DEPENDENT,YES,SATELLITE
260200,Perryville,85,MEDIUM,1.0,1.0,0.0,1.0,0.0,SATELLITE_DEPENDENT,YES,SATELLITE
260310,Petersburg,1486,HIGH,1.0,1.0,0.98654105,1.0,0.591520861,NONE,YES,WIRED
260460,Petersville,246,HIGH,1.0,1.0,0.0,1.0,0.0,SATELLITE_DEPENDENT,YES,SATELLITE
260640,Pilot Point,122,MEDIUM,1.0,1.0,0.0,1.0,0.0,SATELLITE_DEPENDENT,YES,SATELLITE
260750,Pilot Station,204,HIGH,1.0,1.0,0.0,1.0,0.0,SATELLITE_DEPENDENT,YES,SATELLITE
260860,Pitkas Point,45,LOW,1.0,1.0,0.0,1.0,0.0,SATELLITE_DEPENDENT;LOW_CONFIDENCE,YES,SATELLITE
261080,Platinum,58,MEDIUM,1.0,1.0,0.0,1.0,0.0,SATELLITE_DEPENDENT,YES,SATELLITE
261120,Pleasant Valley,481,HIGH,1.0,1.0,0.0,1.0,0.0,SATELLITE_DEPENDENT,YES,SATELLITE
261190,Point Baker,9,LOW,1.0,1.0,0.0,1.0,0.0,SATELLITE_DEPENDENT;LOW_CONFIDENCE,YES,SATELLITE
261630,Point Hope,266,HIGH,1.0,1.0,0.804511278,1.0,0.804511278,NONE,YES,WIRED
261700,Point Lay,98,MEDIUM,1.0,1.0,0.0,1.0,0.0,SATELLITE_DEPENDENT,YES,SATELLITE
261788,Point MacKenzie,344,HIGH,1.0,1.0,0.159883721,1.0,0.014534884,LOW_TERRESTRIAL,YES,SATELLITE
261825,Point Possession,177,MEDIUM,1.0,1.0,0.0,1.0,0.0,SATELLITE_DEPENDENT,YES,SATELLITE
262125,Pope-Vannoy Landing,9,LOW,1.0,1.0,0.0,1.0,0.0,SATELLITE_DEPENDENT;LOW_CONFIDENCE,YES,SATELLITE
262285,Portage Creek,20,LOW,1.0,1.0,0.0,1.0,0.0,SATELLITE_DEPENDENT;LOW_CONFIDENCE,YES,SATELLITE
262510,Port Alexander,40,LOW,1.0,1.0,0.0,1.0,0.0,SATELLITE_DEPENDENT;LOW_CONFIDENCE,YES,SATELLITE
262620,Port Alsworth,180,MEDIUM,1.0,1.0,0.0,1.0,0.0,SATELLITE_DEPENDENT,YES,SATELLITE
263170,Port Clarence,3,LOW,1.0,1.0,0.0,1.0,0.0,SATELLITE_DEPENDENT;LOW_CONFIDENCE,YES,SATELLITE
263280,Port Graham,77,MEDIUM,1.0,1.0,0.0,1.0,0.0,SATELLITE_DEPENDENT,YES,SATELLITE
263390,Port Heiden,81,MEDIUM,1.0,1.0,0.0,1.0,0.0,SATELLITE_DEPENDENT,YES,SATELLITE
263610,Port Lions,151,MEDIUM,1.0,1.0,0.986754967,1.0,0.986754967,NONE,YES,WIRED
263870,Port Protection,49,LOW,1.0,1.0,0.0,1.0,0.0,SATELLITE_DEPENDENT;LOW_CONFIDENCE,YES,SATELLITE
264240,Primrose,55,MEDIUM,1.0,1.0,0.945454545,1.0,0.0,NONE,YES,WIRED
264380,Prudhoe Bay,251,HIGH,1.0,1.0,0.0,1.0,0.0,SATELLITE_DEPENDENT,YES,SATELLITE
264600,Quinhagak,223,HIGH,1.0,1.0,0.0,1.0,0.0,SATELLITE_DEPENDENT,YES,SATELLITE
264820,Rampart,75,MEDIUM,1.0,1.0,0.0,1.0,0.0,SATELLITE_DEPENDENT,YES,SATELLITE
264930,Red Devil,29,LOW,1.0,1.0,0.0,1.0,0.0,SATELLITE_DEPENDENT;LOW_CONFIDENCE,YES,SATELLITE
264980,Red Dog Mine,24,LOW,1.0,1.0,0.0,1.0,0.0,SATELLITE_DEPENDENT;LOW_CONFIDENCE,YES,SATELLITE
265345,Ridgeway,1624,HIGH,1.0,1.0,0.283866995,1.0,0.0,LOW_TERRESTRIAL,YES,SATELLITE
265590,Ruby,208,HIGH,1.0,1.0,0.0,1.0,0.0,SATELLITE_DEPENDENT,YES,SATELLITE
265700,Russian Mission,116,MEDIUM,1.0,1.0,0.0,1.0,0.0,SATELLITE_DEPENDENT,YES,SATELLITE
265800,St. George,121,MEDIUM,1.0,1.0,0.0,1.0,0.0,SATELLITE_DEPENDENT,YES,SATELLITE
266140,St. Mary's,311,HIGH,1.0,1.0,0.0,1.0,0.0,SATELLITE_DEPENDENT,YES,SATELLITE
266360,St. Michael,139,MEDIUM,1.0,1.0,0.0,1.0,0.0,SATELLITE_DEPENDENT,YES,SATELLITE
266470,St. Paul,232,HIGH,1.0,1.0,0.0,1.0,0.0,SATELLITE_DEPENDENT,YES,SATELLITE
266510,Salamatof,544,HIGH,1.0,1.0,0.170955882,1.0,0.001838235,LOW_TERRESTRIAL,YES,SATELLITE
266550,Salcha,731,HIGH,1.0,1.0,0.279069767,0.997264022,0.002735978,LOW_TERRESTRIAL,YES,SATELLITE
267020,Sand Point,420,HIGH,1.0,1.0,0.997619048,1.0,0.997619048,NONE,YES,WIRED
267460,Savoonga,272,HIGH,1.0,1.0,0.0,1.0,0.0,SATELLITE_DEPENDENT,YES,SATELLITE
267570,Saxman,182,MEDIUM,1.0,1.0,1.0,1.0,1.0,NONE,YES,WIRED
267680,Scammon Bay,147,MEDIUM,1.0,1.0,0.0,1.0,0.0,SATELLITE_DEPENDENT,YES,SATELLITE
268230,Selawik,317,HIGH,1.0,1.0,0.0,1.0,0.0,SATELLITE_DEPENDENT,YES,SATELLITE
268340,Seldovia,266,HIGH,1.0,1.0,0.0,1.0,0.0,SATELLITE_DEPENDENT,YES,SATELLITE
268370,Seldovia Village,216,HIGH,1.0,1.0,0.0,1.0,0.0,SATELLITE_DEPENDENT,YES,SATELLITE
268560,Seward,1113,HIGH,1.0,1.0,0.969451932,1.0,0.362982929,NONE,YES,WIRED
268670,Shageluk,98,MEDIUM,1.0,1.0,0.0,1.0,0.0,SATELLITE_DEPENDENT,YES,SATELLITE
268890,Shaktoolik,156,MEDIUM,1.0,1.0,0.0,1.0,0.0,SATELLITE_DEPENDENT,YES,SATELLITE
269770,Shishmaref,215,HIGH,1.0,1.0,0.0,1.0,0.0,SATELLITE_DEPENDENT,YES,SATELLITE
270100,Shungnak,141,MEDIUM,1.0,1.0,0.0,1.0,0.0,SATELLITE_DEPENDENT,YES,SATELLITE
270320,Silver Springs,153,MEDIUM,1.0,1.0,1.0,1.0,1.0,NONE,YES,WIRED
270540,Sitka,4566,HIGH,1.0,1.0,0.961673237,1.0,0.006351292,NONE,YES,WIRED
270760,Skagway,680,HIGH,1.0,1.0,0.970588235,1.0,0.901470588,NONE,YES,WIRED
270870,Skwentna,309,HIGH,1.0,1.0,0.0,1.0,0.0,SATELLITE_DEPENDENT,YES,SATELLITE
270930,Slana,180,MEDIUM,1.0,1.0,0.838888889,1.0,0.838888889,NONE,YES,WIRED
271090,Sleetmute,52,MEDIUM,1.0,1.0,0.0,1.0,0.0,SATELLITE_DEPENDENT,YES,SATELLITE
271640,Soldotna,2630,HIGH,1.0,1.0,0.822813688,1.0,0.003802281,NONE,YES,WIRED
272135,South Lakes,2503,HIGH,1.0,1.0,0.953256093,1.0,0.29165002,NONE,YES,WIRED
272190,South Naknek,135,MEDIUM,1.0,1.0,0.0,1.0,0.0,SATELLITE_DEPENDENT,YES,SATELLITE
272230,South Van Horn,979,HIGH,1.0,1.0,0.707865169,1.0,0.002042901,NONE,YES,WIRED
272960,Stebbins,183,MEDIUM,1.0,1.0,0.0,1.0,0.0,SATELLITE_DEPENDENT,YES,SATELLITE
272985,Steele Creek,3280,HIGH,1.0,1.0,0.656402439,1.0,0.01402439,NONE,YES,WIRED
273070,Sterling,4327,HIGH,1.0,1.0,0.004391033,1.0,0.000462214,LOW_TERRESTRIAL,YES,SATELLITE
273290,Stevens Village,84,MEDIUM,1.0,1.0,0.0,1.0,0.0,SATELLITE_DEPENDENT,YES,SATELLITE
273400,Stony River,30,LOW,1.0,1.0,0.0,1.0,0.0,SATELLITE_DEPENDENT;LOW_CONFIDENCE,YES,SATELLITE
273950,Sunrise,25,LOW,1.0,1.0,0.0,1.0,0.0,SATELLITE_DEPENDENT;LOW_CONFIDENCE,YES,SATELLITE
274340,Susitna,163,MEDIUM,1.0,1.0,0.0,1.0,0.0,SATELLITE_DEPENDENT,YES,SATELLITE
274350,Susitna North,1788,HIGH,1.0,1.0,0.403243848,1.0,0.131991051,LOW_TERRESTRIAL,YES,SATELLITE
274525,Sutton-Alpine,624,HIGH,1.0,1.0,0.628205128,1.0,0.043269231,NONE,YES,WIRED
274610,Takotna,80,MEDIUM,1.0,1.0,0.0,1.0,0.0,SATELLITE_DEPENDENT,YES,SATELLITE
274830,Talkeetna,956,HIGH,1.0,1.0,0.54916318,1.0,0.059623431,NONE,YES,WIRED
275050,Tanacross,75,MEDIUM,1.0,1.0,0.68,1.0,0.08,NONE,YES,WIRED
275077,Tanaina,3369,HIGH,1.0,1.0,0.970614426,1.0,0.245473434,NONE,YES,WIRED
275160,Tanana,219,HIGH,1.0,1.0,0.0,1.0,0.0,SATELLITE_DEPENDENT,YES,SATELLITE
275380,Tatitlek,55,MEDIUM,1.0,1.0,0.781818182,1.0,0.781818182,NONE,YES,WIRED
275480,Tazlina,360,HIGH,1.0,1.0,0.988888889,1.0,0.988888889,NONE,YES,WIRED
275930,Teller,119,MEDIUM,1.0,1.0,0.0,1.0,0.0,SATELLITE_DEPENDENT,YES,SATELLITE
276260,Tenakee Springs,114,MEDIUM,1.0,1.0,0.0,1.0,0.0,SATELLITE_DEPENDENT,YES,SATELLITE
276590,Tetlin,69,MEDIUM,1.0,1.0,0.68115942,1.0,0.68115942,NONE,YES,WIRED
277140,Thorne Bay,475,HIGH,1.0,1.0,0.008421053,1.0,0.008421053,LOW_TERRESTRIAL,YES,SATELLITE
277690,Togiak,290,HIGH,1.0,1.0,0.0,1.0,0.0,SATELLITE_DEPENDENT,YES,SATELLITE
277800,Tok,1189,HIGH,1.0,1.0,0.650967199,1.0,0.544154752,NONE,YES,WIRED
278240,Toksook Bay,197,MEDIUM,1.0,1.0,0.0,1.0,0.0,SATELLITE_DEPENDENT,YES,SATELLITE
278297,Tolsona,56,MEDIUM,1.0,1.0,0.982142857,1.0,0.982142857,NONE,YES,WIRED
278350,Tonsina,104,MEDIUM,1.0,1.0,0.980769231,1.0,0.980769231,NONE,YES,WIRED
278680,Trapper Creek,707,HIGH,1.0,1.0,0.145685997,1.0,0.005657709,LOW_TERRESTRIAL,YES,SATELLITE
278790,Tuluksak,119,MEDIUM,1.0,1.0,0.0,1.0,0.0,SATELLITE_DEPENDENT,YES,SATELLITE
279120,Tuntutuliak,323,HIGH,1.0,1.0,0.0,1.0,0.0,SATELLITE_DEPENDENT,YES,SATELLITE
279230,Tununak,53,MEDIUM,1.0,1.0,0.0,1.0,0.0,SATELLITE_DEPENDENT,YES,SATELLITE
279780,Twin Hills,68,MEDIUM,1.0,1.0,0.0,1.0,0.0,SATELLITE_DEPENDENT,YES,SATELLITE
279830,Two Rivers,405,HIGH,1.0,1.0,0.182716049,1.0,0.0,LOW_TERRESTRIAL,YES,SATELLITE
279890,Tyonek,153,MEDIUM,1.0,1.0,0.0,1.0,0.0,SATELLITE_DEPENDENT,YES,SATELLITE
280100,Ugashik,52,MEDIUM,1.0,1.0,0.0,1.0,0.0,SATELLITE_DEPENDENT,YES,SATELLITE
280660,Unalakleet,444,HIGH,1.0,1.0,0.0,1.0,0.0,SATELLITE_DEPENDENT,YES,SATELLITE
280770,Unalaska,654,HIGH,1.0,1.0,0.944954128,1.0,0.944954128,NONE,YES,WIRED
281320,Upper Kalskag,120,MEDIUM,1.0,1.0,0.0,1.0,0.0,SATELLITE_DEPENDENT,YES,SATELLITE
281920,Utqiaġvik,1539,HIGH,1.0,1.0,0.976608187,1.0,0.864197531,NONE,YES,WIRED
282200,Valdez,1878,HIGH,1.0,1.0,0.997337593,1.0,0.997337593,NONE,YES,WIRED
282420,Venetie,174,MEDIUM,1.0,1.0,0.0,1.0,0.0,SATELLITE_DEPENDENT,YES,SATELLITE
282750,Wainwright,219,HIGH,1.0,1.0,0.799086758,1.0,0.799086758,NONE,YES,WIRED
282860,Wales,85,MEDIUM,1.0,1.0,0.0,1.0,0.0,SATELLITE_DEPENDENT,YES,SATELLITE
283080,Wasilla,5265,HIGH,1.0,1.0,0.934852802,1.0,0.189553656,NONE,YES,WIRED
284000,Whale Pass,160,MEDIUM,1.0,1.0,0.0,1.0,0.0,SATELLITE_DEPENDENT,YES,SATELLITE
284070,White Mountain,116,MEDIUM,1.0,1.0,0.0,1.0,0.0,SATELLITE_DEPENDENT,YES,SATELLITE
284120,Whitestone,31,LOW,1.0,1.0,0.483870968,1.0,0.483870968,LOW_TERRESTRIAL;LOW_CONFIDENCE,YES,SATELLITE
284200,Whitestone Logging Camp,5,LOW,1.0,1.0,0.0,1.0,0.0,SATELLITE_DEPENDENT;LOW_CONFIDENCE,YES,SATELLITE
284510,Whittier,250,HIGH,1.0,1.0,0.98,1.0,0.004,NONE,YES,WIRED
285280,Willow,2550,HIGH,1.0,1.0,0.380784314,1.0,0.036862745,LOW_TERRESTRIAL,YES,SATELLITE
285290,Willow Creek,233,HIGH,1.0,1.0,0.987124464,1.0,0.987124464,NONE,YES,WIRED
285610,Wiseman,28,LOW,1.0,1.0,0.0,1.0,0.0,SATELLITE_DEPENDENT;LOW_CONFIDENCE,YES,SATELLITE
285680,Womens Bay,376,HIGH,1.0,1.0,0.0,1.0,0.0,SATELLITE_DEPENDENT,YES,SATELLITE
286380,Wrangell,1334,HIGH,1.0,1.0,0.879310345,1.0,0.366566717,NONE,YES,WIRED
286490,Yakutat,372,HIGH,1.0,1.0,0.0,1.0,0.0,SATELLITE_DEPENDENT,YES,SATELLITE
