osm_id,name,facility_type,latitude,longitude,address,phone,website,has_emergency,has_specialists,services,beds,opening_hours,wheelchair,operator
way/60952127,Tanana Valley Clinc,clinic,64.839135,-147.713289,"1001, Noble Street",,,False,False,clinic,,Mo-Fr 08:00-17:00,,
way/129095635,Unknown Facility,hospital,64.420561,-173.241805,,,,False,False,hospital,,,,
way/129095642,Районная больница,hospital,64.420973,-173.241571,"1А, Полярная улица, Провидения",,,False,False,hospital,,,,
way/129095653,Unknown Facility,pharmacy,64.427383,-173.219505,"53/1, улица Набережная Дежнёва",,,False,False,pharmacy,,,,
way/145086381,Unknown Facility,clinic,64.497747,-172.860609,"2, улица Мира",,,False,False,doctors,,,,
way/181375407,Providence Valdez Medical Center,hospital,61.136711,-146.346396,"911, Meals Avenue, Valdez, AK, 99686",+1 907 835 2249,https://alaska.providence.org/locations/p/pvmc,True,False,hospital;emergency,10,,,
way/188008270,Haida Gwaii Hospital and Health Centre,hospital,53.254935,-132.07033,"3209, Oceanview Drive",,,False,True,clinic;hospital;community;general,,,yes,Northern Health
way/199406641,Bartlett Regional Hospital,clinic,58.328865,-134.465113,,,,False,False,doctors,,,,
way/201117801,Clinic of Chiropractic Health,clinic,59.644665,-151.545644,"141, West Pioneer Avenue, Homer, AK, 99603",,,False,True,clinic;chiropractic,,,,
way/202093250,Unknown Facility,clinic,61.842441,-165.578897,,,,False,False,clinic,,,,
way/203423931,Hooper Bay Sub Regional Clinic,clinic,61.527004,-166.112632,,,,False,False,clinic,,,,
way/203717756,Medical Dental Arts Building,clinic,64.830054,-147.743368,,,,False,False,clinic,,,,
way/203717772,Fairbanks Imaging Center,clinic,64.83006,-147.738867,,,,False,False,clinic,,,,
way/203717789,Fairbanks Memorial Hospital,hospital,64.831597,-147.74041,"1650, Cowles Street, Fairbanks, 99701",+1 907 452 8181,http://www.fmhdc.com/,True,False,hospital;emergency,152,,,
way/212602269,Seldovia Village Tribe Health Center,clinic,59.650373,-151.522286,"880, East End Road, Homer, AK, 99603",,,False,False,doctors,,,,
way/212625168,Lamendola Sitenga Clinic,clinic,59.653577,-151.507951,,,,False,False,doctors,,,,
way/212666175,Homer Physical Therapy,clinic,59.649976,-151.518968,"4141, Pennock Street, Homer, AK",,,False,True,clinic;physiatry,,Mo-Fr 09:00-18:00,,
way/217335551,Homer Medical Center,clinic,59.649982,-151.549486,,+1 907-235-8586,https://www.homermedical.org/index.htm,False,False,doctors,,"Mo-Fr 08:30-17:00, Sa 10:00-17:00",,
way/217673717,Women Infants Children (WIC),clinic,59.640181,-151.543908,"3446, Main Street, Homer, AK, 99603",,,False,True,paediatrics;clinic,,,,
way/217781809,Birch Lodge,hospital,60.724739,-135.065601,"6198, Sixth Avenue, Whitehorse, Y1A 5P5",,,False,False,hospital,,,,Yukon Government
way/220680113,Medical Dental Centre,clinic,60.717453,-135.056316,"406, Lambert Street, Whitehorse",,,False,False,doctors,,,,
way/222581964,Adak Hospital & Clinic,clinic,51.873244,-176.63847,,,,False,False,clinic,,,,
way/226764827,Kachemak Professional Building,clinic,59.651069,-151.550811,,,,False,False,doctors,,,,
way/234730206,Clinic,clinic,66.907414,-156.881487,,,,False,False,clinic,,,,
way/238687083,Rockmore King Clinic,clinic,57.741487,-152.50323,,,https://www.dcms.uscg.mil/Our-Organization/Director-of-Operational-Logistics-DOL/Bases/Base-Kodiak/Departments-Staffs/Rockmore-King-Clinic/,False,False,clinic,,,,U.S. Coast Guard
way/239353105,Whitehorse General Hospital,hospital,60.71757,-135.043366,"5, Hospital Road, Whitehorse",,,False,False,hospital,,,,
way/244529547,North Slope Borough Village Health Clinic - Nuiqsut,clinic,70.215512,-151.000347,"413, Nigliq Street, Nuiqsut, AK, 99789",,http://www.north-slope.org/departments/health-social-services/community-health-services/community-health-aide-program-chap,False,False,clinic,,,,North Slope Borough
way/253924738,Shungnak Clinic,clinic,66.887975,-157.138931,,,,False,False,clinic,,,,
way/254035270,Health Clinic,clinic,67.086981,-157.856488,,,,False,False,clinic,,,,
way/254078891,Noorvik Clinic,clinic,66.835234,-161.042303,,,,False,False,clinic,,,,
way/254083062,New Noorvik Clinic,clinic,66.829975,-161.046582,,,,False,False,clinic,,,,
way/255270203,USFS/ Public Health Clinic,clinic,59.545037,-139.729353,,,,False,False,clinic,,,,
way/261003949,Sand Point Clinic,clinic,55.34754,-160.485957,"5001, Red Cove Road, Sand Point, AK, 99661",,,False,False,clinic,,,,
way/265010748,Walgreens,pharmacy,60.485621,-151.056128,,,,False,False,pharmacy,,,,
way/268478985,Unknown Facility,hospital,63.59494,-135.895476,,,,False,False,hospital,,,,
way/268524899,Pelly Crossing Health Centre,clinic,62.826103,-136.573167,,+1-867-537-4444,,False,False,clinic,,,,
way/268526378,Carmacks Health Centre,clinic,62.090307,-136.281134,,+1-867-863-4444,,True,False,clinic;emergency,,Mo-Fr 08:00-16:30,,Yukon Government
way/289968067,Shoppers Drug Mart,pharmacy,60.725213,-135.059847,,,https://www.shoppersdrugmart.ca/en/store-locator/store/298,False,False,pharmacy,,,,
way/293442910,Участковая больница,hospital,66.160174,-169.811986,"25, улица Ленина",,,False,False,hospital,,,,
way/297957175,Mt. Edgecumbe Hospital,hospital,57.051555,-135.354953,"222, Tongass Drive, Sitka, AK, 99835",+1 907 966 2411,https://searhc.org/service/mt-edgecumbe-hospital-saxt-hit/,True,False,hospital;emergency,25,,,SouthEast Alaska Regional Health Consortium
way/298009630,Walgreens,pharmacy,61.577413,-149.407092,,,,False,False,pharmacy,,,,
way/335838570,St. George Clinic,clinic,56.60127,-169.548374,Zapadni Road,,,False,False,clinic,,,,APIA
way/335841002,IRA Building,clinic,65.757358,-168.952164,"Diomede, AK, 99762",,,False,True,clinic;community,,,,
way/336469512,Juneau Urgent Care,clinic,58.362,-134.57282,,,,False,False,doctors,,,,
way/348823187,Frontier Natural Health,clinic,59.651028,-151.517803,"1020, East Road, Homer, AK, 99603",+1 907 235-3665,,False,False,doctors,,,,Dr. Patrick C. Huffman
way/352423199,Mat Su Urgent Care,clinic,61.600082,-149.116964,"209, West Evergreen Avenue, Palmer, AK, 99645",,,False,False,clinic,,,,
way/389605424,Alaska Heart Institute,hospital,61.562917,-149.256106,,,,False,False,hospital,,,,
way/389605434,Providence Health & Services Alaska,hospital,61.559673,-149.251984,,,,False,False,hospital,,,,Providence Health & Services
way/389605435,Imaging Associates of Providence,clinic,61.559907,-149.253308,,,,False,False,clinic,,,,
way/389719870,Mat-Su Regional Medical Center,hospital,61.562681,-149.258424,"2500, South Woodworth Loop, Palmer, 99645",+1 907 861 6000,https://www.matsuregional.com/,True,False,hospital;emergency,74,,,
way/392023892,Steese Immediate Care,clinic,64.854814,-147.680487,"1275, Sadler Way, Fairbanks, 99701",,https://www.steeseimmediatecare.com/,False,False,clinic,,Mo-Fr 8:30-17:00; Sa 10:00-15:00,,
way/392027216,Chief Andrew Isaac Health Center,clinic,64.832244,-147.746111,"1717, West Cowles Street, Fairbanks, A:K, 99701",+1-907-451-6682,https://www.tananachiefs.org/services/health/chief-andrew-isaac-health-center/,False,False,clinic,,Mo-Fr 08:00-17:00,,
way/397379728,Juneau Family Birth Center,clinic,58.331864,-134.465846,,,,False,False,doctors,,,,
way/397379730,SEARHC,clinic,58.331224,-134.467043,,,,False,False,doctors,,,,
way/397379736,SERHC,clinic,58.329762,-134.469218,,,,False,False,doctors,,,,
way/397379752,Planned Parenthood,clinic,58.330299,-134.472762,,,,False,False,clinic,,,,Planned Parenthood
way/409580620,Bartlett Regional Hospital,hospital,58.32887,-134.464581,"3260, Hospital Drive, Juneau, AK, 99801",+1 907 796 8900,https://www.bartletthospital.org/,True,False,hospital;emergency,78,,,
way/423202817,"Dr. Rene Alvarez, General Surgeon",clinic,59.649707,-151.543594,,,,False,False,doctors,,,,
way/431945985,Peninsula Allergy & Asthma Center,clinic,60.482003,-151.070462,,,,False,False,clinic,,,,
way/435795485,Unknown Facility,clinic,55.333626,-131.624367,,,,False,False,clinic,,,,
way/438276213,SEARHC Health Clinic,clinic,56.975224,-133.942518,,,,False,False,clinic,,,,
way/442362513,Unknown Facility,pharmacy,55.35596,-131.692482,,,,False,False,pharmacy,,,,
way/449529338,Norton Sound Regional Hospital,hospital,64.499173,-165.37777,"1000, Greg Kruschek Avenue, Nome, 99762",+1 907 443 3311,https://www.nortonsoundhealth.org/Locations/Norton-Sound-Regional-Hospital,True,False,hospital;emergency,,,,
way/449550160,Providence Alaska Medical Center,hospital,61.186825,-149.820365,"3200, Providence Drive, Anchorage, 99515",+1 907 562 2211,https://alaska.providence.org/locations/p/pamc,True,False,hospital;emergency,401,24/7,,
way/449555028,Alaska Regional Hospital,hospital,61.20968,-149.83084,"2801, Debarr Road, Anchorage, AK, 99508",+1 907 276 1131,https://alaskaregional.com/,True,False,hospital;emergency,250,,,
way/450914877,Unknown Facility,clinic,58.329867,-134.467533,,,,False,False,doctors,,,,
way/450914880,Unknown Facility,clinic,58.329499,-134.467776,,,,False,False,doctors,,,,
way/450914882,Unknown Facility,clinic,58.331019,-134.465095,,,,False,False,clinic,,,,
way/475648643,Susie Husky Health Centre,clinic,68.221761,-135.007218,,,,False,False,clinic,,,yes,
way/480280192,Atka Medical Clinic,clinic,52.200684,-174.197886,,,,False,False,clinic,,,,
way/486696377,Unknown Facility,clinic,61.586393,-149.369786,,,,False,False,clinic,,,,
way/496063321,Cornerstone Health Alaska,clinic,61.137997,-149.842398,,+19075227090,,False,False,clinic,,,,
way/500252069,Health Clinic,clinic,69.74106,-163.012291,,,,False,False,clinic,,,,
way/500279596,Point Hope Health Clinic,clinic,68.34822,-166.736315,"1729, Qalgi Avenue, Point Hope, AK, 99766",+1 907-368-2234,,False,False,clinic,,,,
way/500281513,Unknown Facility,hospital,70.481753,-157.423999,,,,False,False,hospital,,,,
way/503534267,Unknown Facility,clinic,52.938496,-168.859845,,,,False,False,clinic,,,,
way/505343629,Samuel Simmonds Memorial Hospital,hospital,71.297104,-156.730063,"7000, Uula Street, Utkiagvik, AK, 99723",+1 907 852 2762,https://www.arcticslope.org/services/hospital-services/,True,False,hospital;emergency,14,24/7,,Arctic Slope Native Association
way/506877550,"Advanced Biomechanics, Inc.",clinic,60.491827,-151.080282,"215, North Fireweed Street, Soldotna, AK",+1 907-262-1515,https://akbiomech.com/,False,False,clinic,,,,Eric O'Guinn
way/511800417,Homer Birth & Wellness Center,clinic,59.646861,-151.542034,,,,False,False,clinic,,,,
way/511832677,Peace Health Ketchikan Medical Ceneter,hospital,55.353517,-131.686709,"3100, Tongass Avenue, Ketchikan, AK, 99901",,,False,False,hospital,,,,PeaceHealth
way/520311563,Клиника душевно больных,hospital,65.587014,-170.9917,,,,False,False,hospital,,,,
way/520311591,Чукотская районная поликлиника,clinic,65.583603,-171.013216,,,,False,False,clinic,,,,
way/521577965,Anna Livingston Medical Clinic,clinic,55.201061,-162.718125,,,,False,False,clinic,,,,Eastern Aleutian Tribes
way/531324260,Walgreens,pharmacy,61.209299,-149.73944,,,,False,False,pharmacy,,,,
way/532543472,Stikine Regional Health Centre,hospital,58.441837,-129.992198,"48875, BC 37, Dease Lake, V0C 1L0",+1-250-842-4456,https://www.northernhealth.ca/find-a-facility/medical-clinics/stikine-health-centre,True,False,hospital;emergency,,,,
way/539533961,North Star Behavorial Hospital,hospital,61.207817,-149.833579,,,,False,False,hospital,,,,
way/541992000,Niislaa Naay,clinic,54.034222,-132.174226,"347, Eagle Avenue, V0T 1M0",,,False,False,clinic,,,,
way/580285217,South Peninsula Hospital,hospital,59.652293,-151.549976,"4300, Bartlett Street, Homer, 99603",+1 907 235 8101,https://www.sphosp.org/,True,False,hospital;emergency,22,24/7,,
way/580287248,Cordova Community Medical Center,hospital,60.540995,-145.750715,"602, Chase Avenue, Cordova, 99574",+1 907 424 8000,https://www.cdvcmc.com/,True,False,hospital;emergency,23,24/7,,
way/581386468,Katherine Miksruaq Olanna Memorial Clinic,clinic,66.254826,-166.070096,,,,False,False,clinic,,,,Norton Sound Health Corporation
way/586389180,Providence Seward Medical Center,hospital,60.105084,-149.446425,"417, 1st Avenue, Seward, 99664",+1 907 224 5205,https://alaska.providence.org/locations/p/psmcc,True,False,hospital;emergency,6,24/7,,Providence Health & Services
way/586414092,Kanakanak Hospital,hospital,59.000472,-158.536456,"6000, Kanakanak Road, Dillingham, AK, 99576",+1 907 842 5201,http://www.bbahc.org/,True,False,hospital;emergency,16,24/7,,Bristol Bay Area Health Corporation
way/592806011,Akhiok Health Clinic,clinic,56.945418,-154.174206,,+1-907-836-2230,https://kodiakhealthcare.org/,False,False,clinic,,Mo-Fr 08:00-16:30,,Kodiak Area Native Association
way/598178730,Stewart Health Centre,hospital,55.940038,-129.989974,"904, Brightwell Street, Stewart, V0T 1W0",+1-250-636-2221,https://www.northernhealth.ca/find-a-facility/health-units/stewart-health-centre,False,False,hospital,,,,
way/600962971,Mat-Su Urgent Care,clinic,61.515148,-149.62558,"5851, South Knik Goose Bay Road, Wasilla, 99623",,,False,False,clinic,,,,
way/616794251,Joint Base Elmendorf-Richardson Hospital,hospital,61.235668,-149.745438,,,,False,False,hospital,,,,
way/623687923,Alaska Native Medical Center Health Campus,hospital,61.183175,-149.801916,,,,True,False,hospital;emergency,173,,,Alaska Native Medical Center
way/627010919,Family Medical Center,clinic,64.055298,-145.731069,"2360, Remington Road, Delta Junction, AK, 99737",+1 907-895-5100,https://www.fmcak.com/,False,False,clinic,,Mo-Th 08:00-17:00; Fr 08:00-12:00,,
way/636180717,Mat-Su Health Services Medical Clinic,clinic,61.601357,-149.485687,"1363, West Spruce Avenue, Wasilla, AK, 99654",+1 907-376-2411,https://www.mshsak.org/,False,False,clinic,,"Mo-Fr 07:00-17:00, Sa-Su closed",,Mat-Su Health Services Inc.
way/648902642,Unknown Facility,clinic,58.372289,-134.617299,,,,False,False,clinic,,,,
way/655271885,Unknown Facility,clinic,58.329841,-134.470938,,,,False,False,clinic,,,,
way/672943071,Hughes Clinic,clinic,66.043942,-154.255464,,,,False,False,clinic,,,,
way/672960874,Frank Tobuk Sr. Clinic,clinic,66.92444,-151.505556,,,,False,False,clinic,,,,
way/672964333,Alatna Clinic & Washeteria,clinic,66.554525,-152.701416,,,,False,False,clinic,,,,
way/672970198,Allakaket Clinic,clinic,66.546757,-152.645264,,,,False,False,clinic,,,,
way/672977162,Anaktuvuk Pass Health Clinic,clinic,68.142701,-151.733207,,,,False,False,clinic,,,,
way/690882877,Ilanka Community Health Center,clinic,60.542647,-145.757476,"705, Second Street, Cordova, AK, 99574",,http://nveyak.com/ilanka-community-health-center/,False,False,clinic,,,,
way/691961323,Chris Kyle Patriots Hospital,hospital,61.205754,-149.809158,"1650, South Bragaw Street, Anchorage, AK, 99508",+1 907-258-7575,https://chriskylepatriotshospital.com/,False,True,hospital;psychiatry,56,,,North Star Behavioral Health System
way/691963149,North Star Palmer Residential Treatment Center,hospital,61.624018,-149.067807,,,,False,False,hospital,30,,,
way/695558849,Wasilla Medical Clinic,clinic,61.575574,-149.408673,,,,False,False,clinic,,,,
way/696450126,Clinic,clinic,59.93436,-164.039757,,,,False,False,clinic,,,,
way/711857085,Haines Health Center,clinic,59.233373,-135.444653,"131, 1st Avenue, Haines, 99827",+1 907 766 6300,https://searhc.org/location/haines/,False,False,doctors,,"Mo,Tu,Th,Fr 08:00-17:00; We 10:00-17:00",,
way/737463364,Inuvik Regional Hospital,hospital,68.353643,-133.703281,,,,False,False,hospital,,,,
way/763231221,Thomas P. Senter M.D. Dermatology,clinic,61.215774,-149.881576,,,,False,False,doctors,,,,
way/763994832,"Natural Health Center, LLC",clinic,61.189792,-149.874526,"3330, Eagle Street, Anchorage, AK, 99503",+1-907-561-2330,https://www.nhcak.com,False,False,doctors,,M: 8:00-17:00 | T: 8:00-17:00 | W: 8:00-17:00 | Th: 8:00-17:00 | F: 8:00-17:00 | Sat: 9:00-15:00 | Sun: closed,,Sy Cloud
way/772511607,Walgreens,pharmacy,61.196234,-149.868874,,,,False,False,pharmacy,,,,
way/773892689,Providence Extended Stay,hospital,61.212024,-149.775363,,,,False,False,hospital,,,,
way/778131472,Providence Extended Care,hospital,61.176668,-149.877761,,,,False,False,hospital,,,,Providence
way/778131473,St. Elias,hospital,61.176364,-149.880686,"4800, Cordova Street, Anchorage, AK, 99508",,,False,False,hospital,59,,,Providence
way/779986946,Unknown Facility,clinic,61.199356,-149.814552,,,,False,False,clinic,,,,
way/785150879,Alaska Hand Rehabilitation,clinic,61.183895,-149.837147,,,,False,False,clinic,,,,
way/785150880,Alaska Internal Medicine & Pediatrics,clinic,61.183652,-149.835712,,,,False,False,clinic,,,,
way/785150883,Alaska Family Medical Care,clinic,61.183352,-149.837136,,,,False,False,clinic,,,,
way/785150886,Aurora Maternal-Fetal Medicine,clinic,61.183357,-149.835238,,,,False,False,clinic,,,,
way/785175879,Участковая больница села Нешкан,hospital,67.038407,-172.966459,"3, Набережная улица",,,False,False,hospital,,,,
way/791456357,Alaska Retinal Consultants,clinic,61.169765,-149.885495,"5600, B Street, Anchorage, AK",+1 907-561-1530,,False,True,ophthalmology;clinic,,,,
way/819238547,Unknown Facility,hospital,61.210883,-149.82207,,,,False,False,hospital,,,,
way/823951501,Stikine Drug,pharmacy,56.471739,-132.384114,,,,False,False,pharmacy,,,,
way/823951982,Alaska Island Community Services,clinic,56.471091,-132.384256,,,,False,False,clinic,,,,
way/841686016,Annette Island Service Unit,clinic,55.124332,-131.575713,"Metlakatla, 99926",+1 907 886 4741,,True,False,clinic;emergency,,,,
way/875976710,Dawson City Medical Center,hospital,64.056719,-139.433694,,,,True,False,hospital;emergency,,,,
way/876559344,Interior Women's Health,clinic,64.820418,-147.743192,"1626, 30th Avenue, Fairbanks, AK, 99701",+1 907-479-7701,,False,False,clinic,,,,
way/891349578,Unknown Facility,hospital,57.051332,-135.355673,,,,False,False,hospital,,,,
way/893646649,PeaceHealth Medical Group,clinic,55.354211,-131.687442,"212, Carlanna Lake Road, 99901",,,False,False,clinic,,,,
way/897596675,Ptarmigan Pediatrics,clinic,61.59329,-149.361417,"3543, East Meridian Park Loop, Wasilla, AK, 99654",,,False,False,clinic,,,,
way/903370947,Gambell Clinic,clinic,63.778563,-171.727094,,+1 844-586-8773,,False,False,clinic,,Mo-Fr 08:00-17:00,yes,
way/928700925,Alakanuk Clinic,clinic,62.683043,-164.656418,,,,False,False,clinic,,,,
way/953597807,Palmer Family Medicine,clinic,61.604624,-149.115127,"258, South Alaska Street, City Of Palmer, AK, 99645",,,False,False,clinic,,Mo-Fr 09:00-17:00,,
way/954419823,Capstone Clinic,clinic,61.599003,-149.146966,"12039, East Maple Springs Way, Palmer, AK, 99645",+1-907-745-9088,https://www.capstoneclinic.net/,False,False,clinic,,Mo-Fr 08:30-17:00,,
way/974394918,Unknown Facility,clinic,58.208849,-157.374849,,,,False,False,clinic,,,,
way/974846296,Alaska Regional MyHealth Clinic,clinic,61.141435,-149.844053,,,,False,False,clinic,,,,
way/977034530,John Afcan Memorial Clinic,clinic,62.052453,-163.183624,,,,False,False,clinic,,,,
way/977037127,Nunam Iqua Health Clinic,clinic,62.531311,-164.849686,,,,False,False,clinic,,,,
way/977038458,Russian Mission Clinic,clinic,61.783998,-161.330343,,,,False,False,clinic,,,,
way/983908478,Maniilaq Health Center,hospital,66.896076,-162.586122,"436, 5th Avenue, Kotzeblue, 99752",+1-907-442-3321,https://www.maniilaq.org/health-services/,True,False,hospital;emergency,17,,,
way/992672370,Prince Rupert Regional Hospital,hospital,54.304946,-130.330161,"1305, Summit Avenue, V8J 2A6",,,False,False,hospital,,,,
way/1033367233,EMT Shack,clinic,68.626835,-149.597193,,,,False,False,doctors,,,,
way/1034500243,Unknown Facility,clinic,61.575541,-159.238299,,,,False,False,clinic,,,,
way/1046904887,Nicholas Kompkoff Clinic,clinic,60.065671,-148.016789,,,,False,False,clinic,,,,
way/1051743314,Sunshine Community Health Center,clinic,62.190384,-150.052622,"South Talkeetna Spur, Talkeetna, AK, 99676",+1 907-733-2273,https://www.sunshineclinic.org/,False,False,clinic,,,,
way/1078063478,Unknown Facility,clinic,61.574982,-149.258751,,,,False,False,clinic,,,,
way/1093124913,Central Peninsula Hospital,hospital,60.49359,-151.077707,,,,False,False,hospital,,,,
way/1138527905,Imaging Associates,clinic,61.187674,-149.82972,,+19072224624,https://imagingak.com/,False,True,radiology;doctors,,,,
way/1138530031,Alaska Surgery Center,clinic,61.210532,-149.81432,,,https://aksurgery.com/,False,True,surgery;doctors,,,,
way/1162955357,Rose Ambrose Health Clinic,clinic,65.70189,-156.384846,,,,False,False,clinic,,,,
way/1206226641,Unknown Facility,clinic,59.754307,-154.869531,,,,False,False,clinic,,,,
way/1230934702,Tanana Valley Clinic 1st Care,clinic,64.838565,-147.71338,"1101, Noble Street",,,False,False,clinic,,Mo-Su 08:00-19:00,,
way/1290592702,Unknown Facility,hospital,56.463163,-132.372554,,,,False,False,hospital,,,,
way/1297731839,Unknown Facility,clinic,58.407672,-135.727903,,,,False,False,clinic,,,,
way/1299861684,Camai Clinic,clinic,58.732865,-157.007616,,,,False,False,clinic,,,,
way/1323332892,Atla Qiaramtome Clinic,clinic,52.200959,-174.19778,,,,False,False,clinic,,,,
way/1346283844,Colonel Mary Louise Rasmuson Campus,hospital,61.232231,-149.745488,,,,False,False,hospital,,,,
way/1347742631,King Cove Clinic,clinic,55.048556,-162.295873,"238, Slocum Drive, King Cove, AK, 99612",,https://cityofkingcove.com/medical/,False,False,clinic,,,,Eastern Aleutian Tribes EATS
way/1348431775,Unknown Facility,hospital,55.048624,-162.295911,,,,False,False,hospital,,,,
way/1427206315,Yukon-Kuskokwim Delta Regional Hospital,hospital,60.788306,-161.785653,,,,True,False,hospital;emergency,,,,
way/1427237158,Medical Clinic,clinic,60.722211,-161.770435,,,,False,False,clinic,,,,
way/1427425956,Bethel Family Clinic,clinic,60.796055,-161.761725,"430, Main Street, Bethel, AK, 99559",,,False,False,clinic,,,,
way/1428909070,Alpine Medical Group-North,clinic,64.8457,-147.780088,"605, Chief Thomas Drive, Fairbanks, AK, 99709",+1-907-455-4555,https://www.amgfairbanks.com/,False,False,clinic,,Mo-Fr 08:00-17:00; Sa-Su off,,
way/1428909443,Mountain View Medical Center,clinic,64.846806,-147.784237,"2555, Phillips Field Road, Fairbanks, AK, 99709",,,False,False,clinic,,,,
way/1430915980,Unknown Facility,hospital,61.221094,-149.85408,,,,False,False,hospital,,,,
way/1450447673,Glacier Pediatrics,clinic,58.304906,-134.42681,"1600, Glacier Avenue, Juneau, AK, 99801",+1-888-504-2423,https://www.glacierpediatrics.com/,False,True,paediatrics;doctors,,,,
node/554116080,Primary Care Associates,clinic,61.109111,-149.862569,"12350, Industry Way, Anchorage, 99515",+1 907 345 4343,https://www.primarycareak.com/centers/south-anchorage.html,False,False,doctors,,"08:00-21:00; PH ""Call ahead""",,
node/1286891893,Petersburg Medical Center,hospital,56.812884,-132.955361,"103, Fram Street, Petersburg, AK, 99833",+1 907 772 4291,https://www.pmcak.org/,True,False,hospital;emergency,12,24/7,,
node/1673721460,Iliuliuk Family and Health Services,clinic,53.872167,-166.539221,"34, Lavelle Court, Unalaska, 99685",+1 907 581 1202,https://www.ifhs.org/,False,False,clinic,,Mo-Fr 08:30-18:00; Sa 08:30-13:00,,
node/1883602947,Здоровье,pharmacy,64.423962,-173.224235,,,,False,False,pharmacy,,,,
node/2049279276,Homer Rexall Drugs,pharmacy,59.646964,-151.5233,,,,False,False,pharmacy,,,,
node/2312081056,Peninsula Surgical Clinic,clinic,59.644106,-151.547411,,+1 907 235-3225,,False,False,clinic,,,,
node/2568543746,People's Drug - Rexall,pharmacy,56.8129,-132.957684,"Petersburg, 99833",,,False,False,pharmacy,,,,
node/2711802056,Healy Clinic,clinic,63.870495,-149.006071,,+1 907 455 4567,https://www.interiorcommunityhealth.org/contents/healy-clinic,False,False,clinic,,,,Interior Community Health Center
node/2711802062,Canyon Clinic,clinic,63.747485,-148.901478,,+1 907-683-4433,,False,False,clinic,,,,
node/2972398342,Northern Haida Gwaii Hospital and Health Centre,hospital,54.020403,-132.157387,"2520, Harrison Avenue, Massett",,,True,False,hospital;emergency,,,,
node/3118792193,Island Pharmacy,pharmacy,55.35596,-131.69235,"3526, Tongass Avenue, 99901",,https://www.islandpharmacyak.com/,False,False,pharmacy,,,,
node/3464551371,Gustavus Clinic,clinic,58.407663,-135.72782,,,,False,False,clinic,,,,
node/3677868352,Hope Clinic,clinic,60.919427,-149.620398,,,,False,False,clinic,,,,
node/3796258133,Haines Junction Health Centre,clinic,60.750135,-137.510185,"3940, Bates Street, Haines Junction, Y0B 1L0",,,False,False,clinic,,,,
node/3796258136,Rural Yukon Mental Health Consultant,clinic,60.750841,-137.509792,"137, Haines Road, Haines Junction, Y0B 1L0",,,False,False,doctors,,,,
node/3960741819,Fairbanks Urgent Care,clinic,64.83601,-147.756874,,,,False,False,clinic,,,,
node/3960741820,Medical Center Pharmacy,pharmacy,64.835927,-147.756374,,,,False,False,pharmacy,,,,
node/4114706836,Rainforest Pediatrics,clinic,58.329541,-134.465115,"3260, Hospital Drive, Juneau, 99801",,https://www.pcpcc.org/practice/rainforest-pediatric-care,False,True,paediatrics;doctors,,,,
node/4184379716,Shoppers Drug Mart,pharmacy,60.719207,-135.053769,"211, Main Street",,https://www.shoppersdrugmart.ca/en/store-locator/store/299,False,False,pharmacy,,Mo-Fr 08:00-20:00; Sa 09:00-18:00; Su 10:00-18:00,,
node/4227921289,Creative Abilities Physical Therapy,clinic,60.535557,-150.750122,,,,False,False,clinic,,,,
node/4299235582,Alaska Children's Eye and Strabismus,clinic,61.188858,-149.859105,,,,False,False,doctors,,,,
node/4299235583,Alaska Retinal Consultants,clinic,61.188904,-149.859102,,,,False,False,doctors,,,,
node/4546643332,Shoppers Drug Mart,pharmacy,54.312864,-130.327803,,+1-250-624-9656,https://www.shoppersdrugmart.ca/en/store-locator/store/2256,False,False,pharmacy,,,,
node/4633313841,First Care,clinic,61.109001,-149.857929,"1301, Huffman Road, Anchorage, 99515",+1 907 345 1199,https://www.firstcareak.com/,False,False,doctors,,07:00-23:00,,
node/4800326035,Arctic Chiropractic,clinic,66.898759,-162.598659,,,,False,False,doctors,,,,
node/4937638100,Tok Public Health Center,clinic,63.33622,-142.984193,,,,False,False,clinic,,,,
node/4956083424,Moontide Healing Arts LLC,clinic,58.363227,-134.581511,"9000, Glacier Highway, 99801",+1-907-209-9518,http://moontidehealing.com,False,False,clinic,,,,
node/5030889501,Valdez Chiropractic Center,clinic,61.128741,-146.357661,,,,False,False,clinic,,,,
node/5071689055,"36,6",pharmacy,65.579834,-171.005066,,,,False,False,pharmacy,,,,
node/5678336018,Summit Physical Therapy,clinic,59.647972,-151.52914,,,,False,True,clinic;physiatry,,,,
node/5812609330,Unknown Facility,clinic,64.426591,-173.220282,,,,False,False,clinic,,,,
node/5891493744,Alaska Heart Institute,clinic,61.186296,-149.821577,"Piper Street, Anchorage, AK",,,False,False,clinic,,Mo-Fr 08:00-17:00,yes,
node/5891877019,Providence Crisis Recovery Center,clinic,61.185697,-149.827161,,+1 907 563 5006,https://alaska.providence.org/services/c/crisis-recovery-center,False,True,clinic;psychiatry,,24/7,,
node/5919657729,Three Bears Alaska,pharmacy,61.60056,-149.246166,"8151, East Palmer-Wasilla Highway, Palmer, AK, 99645",+1-907-746-3891,https://threebearsalaska.com/mat-su/,False,False,pharmacy,,"Mo-Fr 09:30-19:00, Sa 10:00-14:00, Su closed",,
node/5936026050,Geneva Woods Pharmacy,pharmacy,61.589071,-149.357993,"3674, East Country Field Circle, Wasilla, AK, 99654",+1-907-376-8200,https://www.genevawoodshealth.com/locations/pharmacy-wasilla/,False,False,pharmacy,,"Mo-Fr 08:00-18:00, Sa-Su closed",,
node/5960089986,Blood Bank of Alaska,clinic,61.139923,-149.865205,"8920, Old Seward Highway",,,False,False,clinic,,,,
node/5968097548,Fred Meyer Pharmacy,pharmacy,61.600544,-149.126565,"535, West Evergreen Avenue, Palmer, AK, 99645",+1 907-707-0433,https://www.fredmeyer.com/stores/details/701/00649,False,False,pharmacy,,"Mo-Fr 09:00-21:00, Sa 09:00-19:00, Su 11:00-18:00",yes,
node/5970749525,Carrs,pharmacy,61.597964,-149.126497,"664, West Evergreen Avenue, Palmer, AK, 99645",+1 907-761-1480,https://local.pharmacy.carrsqc.com/ak/palmer/664-w-evergreen-ave.html,False,False,pharmacy,,"Mo-Fr 09:00-21:00, Sa 09:00-18:00, Su 11:00-18:00",,
node/6038345210,Walgreens,pharmacy,61.328837,-149.566995,,,,False,False,pharmacy,,,,
node/6122910892,Rons Apothecary,pharmacy,58.37154,-134.587378,,,,False,False,pharmacy,,,,
node/6386880478,Harry Race Pharmacy,pharmacy,57.049212,-135.338217,"106, Lincoln Street, Sitka, AK, 99835",,https://www.sitkapharmacies.com/,False,False,pharmacy,,,,
node/6392540938,CAPSTONE CLINIC,clinic,61.181088,-149.777261,"4361, Boniface Parkway, Anchorage, AK, 99504",,,False,False,clinic,,,,
node/6392562522,EMPOWER PHYSICAL THERAPY,clinic,61.181135,-149.777023,"Boniface Parkway, Anchorage, AK, 99504",,,False,False,clinic,,,,
node/6405286514,Providence Medical Arts Pharmacy,pharmacy,61.189461,-149.819505,"3300, Providence Drive, Anchorage, AK, 99508",,,False,False,pharmacy,,,,
node/6770554143,Unknown Facility,hospital,66.318715,-179.122174,,,,False,False,hospital,,,,
node/7040770092,Rosie Ovayuak Health Centre,clinic,69.449751,-133.039149,,,,False,False,clinic,,,,
node/7351756587,Teslin Health Centre,clinic,60.163416,-132.723443,,+1 867 390 4444,,False,True,clinic;community,,,,Government of Yukon
node/7351756588,Whitehorse Health Centre,clinic,60.731615,-135.065709,,+1 867 667 8864,,False,False,clinic,,,,Government of Yukon
node/7496048809,Urgent Care Medical Clinic,clinic,61.196041,-149.781214,"5437, East Northern Lights Boulevard, Anchorage, AK, 99508",,,False,False,clinic,,,,
node/7818223036,Edgar Nollner Health Center,clinic,64.744692,-156.876957,,,,False,False,clinic,,,,Tanana Chiefs Conference
node/8202722667,ФАП,hospital,64.909767,-172.496601,,,,False,False,hospital,,,,
node/8211506392,ФАП,hospital,64.799546,-175.378377,,,,False,False,hospital,,,,
node/8572825972,UAF Student Health and Counseling Center,clinic,64.858355,-147.822159,"1788, Yukon Drive, Fairbanks, 99775",+1-907-474-7043,https://www.uaf.edu/chc/,False,False,clinic,,"Mo,Tu,Th,Fr 08:30-17:00; We 10:00-17:00; SH off",,University of Alaska Fairbanks
node/8986289394,Safeway,pharmacy,60.484193,-151.071246,"44428, Sterling Highway, Soldotna, AK, 99669",+1 907-714-5460,https://local.pharmacy.safeway.com/safeway/ak/soldotna/44428-sterling-hwy.html,False,False,pharmacy,,"Mo-Fr 09:00-20:00, Sa 10:00-18:00, Su 10:00-17:00",,
node/8986298257,Carrs,pharmacy,61.136198,-149.95359,"4000, West Dimond Boulevard, Anchorage, AK, 99502",+1 907-339-1260,https://local.pharmacy.carrsqc.com/ak/anchorage/4000-w-dimond-blvd.html,False,False,pharmacy,,"Mo-Fr 09:00-21:00, Sa-Su 10:00-18:00",yes,
node/8986323285,Fred Meyer Pharmacy,pharmacy,60.489307,-151.048407,"43843, Sterling Highway, Soldotna, AK, 99669",,,False,False,pharmacy,,"Mo-Su 09:00-21:00, Sa 09:00-18:00, Su 11:00-18:00",,
node/8986375118,Fred Meyer Pharmacy,pharmacy,61.136416,-149.918884,"2000, West Dimond Boulevard, Anchorage, AK, 99502",+1 907-267-6733,https://www.fredmeyer.com/stores/details/701/00071,False,False,pharmacy,,"Mo-Fr 09:00-21:00,Sa 09:00-19:00, Su 11:00-18:00",,
node/8986491021,Walgreens,pharmacy,61.138273,-149.919666,"2197, West Dimond Boulevard, Anchorage, AK, 99502",+1 907-339-9600,https://www.walgreens.com/locator/walgreens-2197+w+dimond+blvd-anchorage-ak-99515/id=12680,False,False,pharmacy,,"Mo-Fr 09:00-13:30, Mo-Fr 2:00-18:00",yes,
node/8986982542,"Urgent Care Medical Clinic, LLC",clinic,61.138308,-149.952715,"9150, Jewel Lake Road, Anchorage, AK, 99502",+1-907-248-8561,https://www.alaskaurgentcaremedicalclinic.com/,False,True,clinic;general,,"Mo-Fr 08:00-18:00, Sa-Su 11:00-16:00",yes,
node/8993640416,Calm Harbor,clinic,55.353025,-131.68754,,+1-907-821-2256,,False,False,clinic,,,,
node/8997410158,Upper Tanana Heath Center,clinic,63.333188,-142.991213,,,,False,False,clinic,,,,
node/9750869245,Fairbanks Family Wellness,hospital,64.83731,-147.807663,"3550, Airport Way, Fairbanks, AK, 99709",+1 907-479-2331,https://fairbanksfamilywellness.com,True,True,paediatrics;hospital;emergency,,Mo-Fr 09:00-18:00,,Amy Williamson
node/9847605734,CVS Pharmacy,pharmacy,61.12991,-149.879976,"150, West 100th Avenue",+1-907-267-7501,https://www.cvs.com/store-locator/anchorage-ak-pharmacies/150-w-100th-ave-anchorage-ak-99515/storeid=17436,False,False,pharmacy,,Mo-Fr 09:00-21:00; Sa-Su 09:00-18:00,,
node/9866778101,Unknown Facility,pharmacy,60.71746,-135.055797,Whitehorse,,,False,False,pharmacy,,,,
node/9866778102,Yukon Sexual Health Clinic,clinic,60.717382,-135.056453,"406, Lambert Street, Whitehorse",,,False,False,clinic,,,,
node/9883633684,Wrangell Medical Center,hospital,56.463163,-132.372636,,,,False,False,hospital,,,,Southeast Alaska Regional Health Consortium SEARHC
node/9885856475,"Aurora Medical, Surgical & Cosmetic Clinic",clinic,60.723604,-135.055018,"2157, Second Avenue, Whitehorse",+1 867 456 2169,https://auroracosmetics.ca,False,False,clinic,,,,
node/9887877307,Vera Whole Health,clinic,61.187804,-149.872854,"582, East 36th Avenue, Anchorage, AK, 99502",+1 907-302-4950,https://patients.verawholehealth.com/clinic/Midtown-Anchorage,False,True,clinic;general,,Mo-Th 08:00-19:00; Fr 06:00-17:00,yes,
node/9895922178,Ninilchik Community Clinic,clinic,59.647912,-151.529357,,,,False,False,clinic,,,,
node/9895922195,South Peninsula Annex,clinic,59.645353,-151.545287,,,,False,False,clinic,,,,
node/9923453317,Health Care Center,clinic,64.736425,-155.484035,,,,False,False,doctors,,,,
node/10065193698,Girdwood Health Clinic,clinic,60.963603,-149.134003,"131, Lindblad Avenue, Girdwood, AK, 99587",,,False,False,clinic,,,,
node/10612195666,Alaska Urology,clinic,61.186265,-149.821271,"3841, Piper Street, Anchorage, AK, 99508",+1 907-563-3103,https://www.alaskaurology.com/,False,True,urology;doctors,,Mo-Th 08:00-17:00; Fr 08:00-13:00,,
node/10613061485,Alaska Center for Dermatology,clinic,61.186204,-149.821126,"3841, Piper Street, Anchorage, AK, 99508",+1 907-562-6228,https://dermalaska.com/,False,True,dermatology;doctors,,Mo-Th 08:00-17:00; Fr 08:00-16:00,,
node/10660682574,"McKinley Orthopedic, Sports Medicine & Spine",clinic,64.848645,-147.816387,"3745, Geist Road, Fairbanks, AK, 99709",,,False,True,orthopaedics;sports_medicine;doctors,,Mo-Sa 08:00-20:00,,
node/10749743206,Chief Peter John Building,clinic,64.844454,-147.708693,"122, 1st Avenue, 99701",,,False,False,clinic,,,,Tanana Chiefs Conference
node/10782728301,Unknown Facility,clinic,61.189253,-149.912439,,,,False,False,clinic,,,,
node/10782728302,Providence Urgent Care,clinic,61.194564,-149.906055,,,,False,False,clinic,,,,
node/10783476492,"U.S. Department of Veterans Affairs, Domiciliary Care Program",clinic,61.193452,-149.885698,,,,False,False,clinic,,,,VA
node/10783489304,Medical Park Family Care,clinic,61.195794,-149.840421,"2211, E. Northern Lights Blvd",+1 907-279-8486,https://mpfcak.com/,False,False,doctors,,Mo-Fr 07:30-18:00; Sa 09:00-14:00,yes,
node/10783493206,Anchorage Neighborhood Health Center,clinic,61.175891,-149.887552,,,,False,False,doctors,,,,
node/10783493207,Lemon Tree Family Medicine,clinic,61.145146,-149.89134,,,,False,False,doctors,,,,
node/10783493208,Carrs Aurora Village,pharmacy,61.194197,-149.916177,,,https://local.pharmacy.carrsqc.com/ak/anchorage/1650-w-northern-lights-blvd.html,False,False,pharmacy,,,,
node/10790644239,Alaska Urgent Care & Sports Medicine,clinic,61.144073,-149.858418,,,,False,False,clinic,,,,
node/10790645579,Fred Meyer Pharmacy,pharmacy,61.21175,-149.735855,,,,False,False,pharmacy,,,,
node/10791222414,Fred Meyer Pharmacy,pharmacy,61.194607,-149.864247,,,,False,False,pharmacy,,,,
node/10793371375,PM Pediatric Urgent Care,clinic,61.188649,-149.868909,,,,False,False,clinic,,,,
node/10794030647,Walgreens,pharmacy,61.181517,-149.836877,"4353, Lake Otis Parkway, Anchorage, AK, 99508",+1 907-561-2005,https://www.walgreens.com/locator/walgreens-4353+lake+otis+pkwy-anchorage-ak-99508/id=15653,False,False,pharmacy,,"Mo-Fr 07:00-22:00, Sa-Su 08:00-22:00",,
node/10797780543,Carr's Pharmacy,pharmacy,61.196446,-149.735913,,,https://local.pharmacy.carrsqc.com/ak/anchorage/7731-e-northern-lights-blvd.html,False,False,pharmacy,,,,
node/10799991903,"Alaska Cares, Prividence Multidisciplinary Center",clinic,61.176257,-149.882275,,,,False,False,clinic,,,,Providence
node/10800009750,Geneva Woods,pharmacy,61.174309,-149.892531,,,,False,False,pharmacy,,,,
node/10861355326,354th Medical Group,clinic,64.678407,-147.092624,"2630, Central Avenue, Eielson AFB, AK, 99702-2325",+1 907 377 1847,https://eielson.tricare.mil,False,False,clinic,,,,
node/10861357867,Cross Road Medical Center,clinic,62.108932,-145.540928,"187, Glenn Highway, Glennallen, AK, 99588",+1 907 822 3203,https://www.crossroadmc.org,False,False,clinic,4,,,
node/10861359480,Fort Greely Army Medical Home,clinic,63.971663,-145.713434,"655, East 5th Street, Fort Greely, AK, 99731",+1 907 873 4975,https://bassett-wainwright.tricare.mil/Clinics/Fort-Greely-AMH,False,False,clinic,,,,
node/10861369853,Adak Medical Center - EAT,clinic,51.868005,-176.640263,"100, Mechanic Road, Adak, 99546",+1 907 592 8383,https://www.eatribes.org,False,False,clinic,,,,
node/10861374698,Bassett Army Community Hospital,hospital,64.8297,-147.662229,"4076, Neely Road, Fort Wainwright, AK, 99703-7400",+1 800 478 5172,https://bassett-wainwright.tricare.mil,False,False,hospital,23,,,
node/10861375518,Providence Kodiak Island Medical Center,hospital,57.8009,-152.375608,"1915, East Rezanof Drive, Kodiak, AK, 99615",+1 907 486 3281,,False,False,hospital,25,,,
node/10861380778,Alaska Psychiatric Institute,hospital,61.185097,-149.829802,"3700, Piper Street, Anchorage, AK, 99508",+1 907 269 7100,,False,True,hospital;psychiatry,80,,,
node/10861387188,Mat-Su Regional Outpatient Center,hospital,61.586423,-149.427091,"950, East Bogard, Wasilla, 99654",+1 907 352 2860,https://www.matsuregional.com,False,False,hospital,,,,
node/10876941028,Progressive Physical Therapy,clinic,61.215332,-149.902518,,,,False,True,clinic;physical_therapy,,,,
node/10924109175,SEARHC Alicia Roberts Medical Center,clinic,55.548012,-133.095937,,,,False,False,clinic,,,,
node/10924841486,Whale Tail Pharmacy,pharmacy,55.477113,-133.140818,,,https://www.whaletailrx.com,False,False,pharmacy,,,,
node/11034920779,Orthopedic Physicians Of Alaska,clinic,61.187029,-149.808836,,,,False,True,orthopaedics;doctors,,Mo-Fr 07:30-18:00,,
node/11034920797,Providence Family Medicine,clinic,61.188479,-149.860372,,,,False,True,clinic;general,,,,
node/11036065205,Juneau Drug Store,pharmacy,58.300701,-134.407223,"202, Front Street, Juneau, AK, 99801",+1-907-586-1233,,False,False,pharmacy,,"Mo-Fr 10:00-18:00 open ""Pharmacy"" || Mo-Fr 09:00-19:00 open ""Store"", Sa-Su 10:00-18:00 open ""Store""",,
node/11062753305,Carrs Pharmacy,pharmacy,61.193781,-149.870839,,,https://local.pharmacy.carrsqc.com/ak/anchorage/2920-seward-hwy.html,False,False,pharmacy,,,,
node/11062753309,Providence express care,clinic,61.194128,-149.870646,,,,False,False,clinic,,,,
node/11115508329,Anchorage Dermatology and Cosmetics,clinic,61.146713,-149.871168,,,,False,True,dermatology;doctors,,,,
node/11115508335,Liberty Dialysis,clinic,61.145708,-149.865396,,,,False,True,clinic;nephrology,,,,
node/11115524719,Don Davis,clinic,61.145885,-149.881425,,,,False,True,ophthalmology;doctors,,,,
node/11115524736,Alaska Urgent Care,clinic,61.143979,-149.876771,,,,False,False,clinic,,,,
node/11129488220,Wellness Center,clinic,71.290694,-156.791995,,,,False,False,clinic,,,,
node/11142419452,Walgreens,pharmacy,61.108302,-149.855249,,,,False,False,pharmacy,,,,
node/11142419453,Carrs Pharmacy,pharmacy,61.109116,-149.853972,,,,False,False,pharmacy,,,,
node/11142419456,Matthew Dow,clinic,61.136771,-149.834886,,,,False,True,doctors;general,,,,
node/11142419461,Christina Brown,clinic,61.137848,-149.848007,,,,False,True,doctors;general,,,,
node/11142419462,Advanced Pain Center-Alaska,clinic,61.140054,-149.844295,,,,False,False,clinic,,,,
node/11142419464,Unknown Facility,pharmacy,61.142454,-149.844247,,,https://local.pharmacy.carrsqc.com/ak/anchorage/1725-abbott-rd.html,False,False,pharmacy,,,,
node/11153696214,Pediatric Speech-Language Services,clinic,61.181471,-149.834147,,,,False,False,doctors,,,,
node/11153696215,Ability Group Pediatric Therapy,clinic,61.181471,-149.833718,,,,False,True,doctors;physiatry,,,,
node/11153696222,Fresenius Kidney Care Tudor Road Dialysis,clinic,61.18144,-149.829626,,,,False,True,clinic;nephrology,,,,Dialysis Clinic
node/11153696229,Alaska OB/GYN,clinic,61.181273,-149.839154,,,,False,True,gynaecology;doctors,,,,
node/11153696234,Caring for Women,clinic,61.182096,-149.838665,,,,False,False,doctors,,Mo-Th 08:00-16:00; Fr 08:00-15:00,,
node/11153696236,Lake Otis Medical Supply,pharmacy,61.182286,-149.837808,,,,False,False,pharmacy,,,,
node/11153696239,Bernie's Pharmacy,pharmacy,61.182845,-149.840005,,,,False,False,pharmacy,,,,
node/11153696240,PCA Urgent Care - Lake Otis,clinic,61.182993,-149.840802,,,,False,False,clinic,,,,
node/11153696241,Primary Care Associates: Glotfelty Beth,clinic,61.183119,-149.840185,,,,False,False,doctors,,,,
node/11153696242,Tara Wood,clinic,61.183006,-149.840266,,,,False,False,doctors,,,,
node/11153696244,Alaska Women's Advanced Pelvic Surgery & Urogynecology,clinic,61.183855,-149.839415,,,,False,False,doctors,,,,
node/11153696245,Alaska Endodontics Specialists LLC,clinic,61.184155,-149.837192,,,,False,False,doctors,,,,
node/11153696248,OPA–Orthopedic Physicians Alaska,clinic,61.185682,-149.837641,,,,False,True,orthopaedics;doctors,,,,
node/11170440040,Costco Pharmacy,pharmacy,61.211262,-149.804503,,,,False,False,pharmacy,,,,
node/11170440043,Carrs Pharmacy,pharmacy,61.208123,-149.776795,,,https://local.pharmacy.carrsqc.com/ak/anchorage/5600-debarr-rd.html,False,False,pharmacy,,,,
node/11225972869,YKHC Health Clinic,clinic,62.90661,-160.0662,,,,False,False,clinic,,,,
node/11225972874,Unknown Facility,clinic,64.734694,-158.11302,,,,False,False,clinic,,,,
node/11225972884,Unknown Facility,clinic,64.328724,-158.725419,,,,False,False,clinic,,,,
node/11225972889,Unknown Facility,clinic,62.652266,-160.199436,,,,False,False,clinic,,,,
node/11509106839,Aerospace Medicine,clinic,61.242361,-149.80807,,+1 907-551-2992,,False,True,clinic;Flight Medicine,,,,
node/11535028093,JBER Satellite Pharmacy,pharmacy,61.234573,-149.765792,,+1 907-580-1170,,False,False,pharmacy,,Mo-Fr 08:00-17:00; ph off,,
node/11545365827,Unknown Facility,clinic,61.145277,-149.877701,,,,False,False,doctors,,,,
node/11583074337,Unknown Facility,hospital,59.5733,-133.700949,,,,False,False,hospital,,,,
node/11647210332,Live Well Chiropractic,clinic,61.180301,-149.88358,,+1 907-334-6492,,False,False,doctors,,"Mo-Fr 09:00-13:00, 15:00-18:00",,
node/12083300489,IDA,pharmacy,53.254965,-132.07037,,,,False,False,pharmacy,,Mo-Fr 09:00-17:00,yes,
node/12302820153,Unknown Facility,clinic,65.012139,-175.841463,,,,False,False,doctors,,,,
node/12322969645,Anchorage Fracture and Orthopedic Clinic,clinic,61.340854,-149.564661,,,,False,False,clinic,,,,
node/12322969646,Capstone Clinic,clinic,61.340786,-149.564303,,,,False,False,clinic,,,,
node/12470392132,Unknown Facility,hospital,55.048493,-162.296101,,,,False,False,hospital,,,,
node/12616540801,Northern Lights Imaging,hospital,61.194965,-149.840945,"2110, East Northern Lights Boulevard, 99508",+1 907-644-2997,https://nliak.com/,False,False,hospital,,Mo-Fr 08:00-18:00,,
node/12621409887,I.D.A.,pharmacy,68.358563,-133.727249,,,,False,False,pharmacy,,,,
node/12634173020,Unknown Facility,clinic,54.134442,-165.773743,,,,False,False,clinic,,,,
node/13159162934,Safeway Pharmacy,pharmacy,54.314744,-130.324141,,,,False,False,pharmacy,,Mo-Fr 09:00-20:00; Sa-Su 10:00-18:00; PH closed,yes,
node/13159162935,Save-On-Foods Pharmacy,pharmacy,54.309249,-130.329302,,,,False,False,pharmacy,,"Mo-Fr 07:00-19:00; Sa,Su 10:00-14:00; PH off",,
node/13347441325,VA Clinic,clinic,64.846669,-147.784103,"2555, Phillips Field Road, Fairbanks, AK, 99709",+1-907-328-1750,https://www.va.gov/alaska-health-care/locations/fairbanks-va-clinic/,False,False,clinic,,Mo-Fr 07:00-16:30; Sa-Su off,,Veterans Health Administration
node/13347651995,Aurora Plastic & Hand Surgery,clinic,64.845722,-147.781793,"2485, Chief William Drive, Fairbanks, AK, 99709",+1-907-457-5277,,False,False,clinic,,,,
